hour,day_of_week,is_weekend,time_since_last,events_last_hour,avg_interval_last_hour,minutes_until_next
20,2,0,18.983333333333334,1.0,18.983333333333334,0.06666666666666667
20,2,0,0.06666666666666667,2.0,9.525,0.06666666666666667
20,2,0,0.06666666666666667,3.0,6.372222222222223,0.06666666666666667
20,2,0,0.06666666666666667,4.0,4.795833333333333,0.08333333333333333
20,2,0,0.08333333333333333,5.0,3.853333333333334,0.0
20,2,0,0.0,6.0,3.2111111111111117,0.0
20,2,0,0.0,7.0,2.752380952380953,0.13333333333333333
20,2,0,0.13333333333333333,8.0,2.4250000000000003,0.016666666666666666
20,2,0,0.016666666666666666,9.0,2.1574074074074074,0.016666666666666666
20,2,0,0.016666666666666666,10.0,1.9433333333333334,0.8666666666666667
20,2,0,0.8666666666666667,11.0,1.8454545454545455,2.7
21,2,0,2.7,12.0,1.9166666666666667,0.0
21,2,0,0.0,13.0,1.7692307692307692,1.3333333333333333
21,2,0,1.3333333333333333,14.0,1.7380952380952384,0.11666666666666667
21,2,0,0.11666666666666667,15.0,1.63,0.0
21,2,0,0.0,16.0,1.528125,0.016666666666666666
21,2,0,0.016666666666666666,17.0,1.43921568627451,0.016666666666666666
21,2,0,0.016666666666666666,18.0,1.3601851851851852,0.0
21,2,0,0.0,19.0,1.2885964912280703,0.0
21,2,0,0.0,20.0,1.2241666666666666,0.0
21,2,0,0.0,21.0,1.165873015873016,0.0
21,2,0,0.0,22.0,1.112878787878788,0.0
21,2,0,0.0,23.0,1.0644927536231885,0.0
21,2,0,0.0,24.0,1.020138888888889,0.0
21,2,0,0.0,25.0,0.9793333333333334,0.3
21,2,0,0.3,26.0,0.9532051282051283,0.18333333333333332
21,2,0,0.18333333333333332,27.0,0.9246913580246914,0.26666666666666666
21,2,0,0.26666666666666666,28.0,0.9011904761904762,0.8166666666666667
21,2,0,0.8166666666666667,29.0,0.8982758620689656,0.05
21,2,0,0.05,30.0,0.87,0.08333333333333333
21,2,0,0.08333333333333333,31.0,0.8446236559139785,0.06666666666666667
21,2,0,0.06666666666666667,32.0,0.8203125,0.06666666666666667
21,2,0,0.06666666666666667,33.0,0.7974747474747474,0.1
21,2,0,0.1,34.0,0.7769607843137255,0.05
21,2,0,0.05,35.0,0.7561904761904762,0.08333333333333333
21,2,0,0.08333333333333333,36.0,0.7375,0.35
21,2,0,0.35,37.0,0.727027027027027,2.283333333333333
21,2,0,2.283333333333333,38.0,0.7679824561403509,0.016666666666666666
21,2,0,0.016666666666666666,39.0,0.7487179487179487,0.6166666666666667
21,2,0,0.6166666666666667,40.0,0.7454166666666666,0.06666666666666667
21,2,0,0.06666666666666667,41.0,0.7288617886178862,0.06666666666666667
21,2,0,0.06666666666666667,42.0,0.7130952380952381,0.13333333333333333
21,2,0,0.13333333333333333,43.0,0.6996124031007752,0.13333333333333333
21,2,0,0.13333333333333333,44.0,0.6867424242424243,0.1
21,2,0,0.1,45.0,0.6737037037037037,0.3
21,2,0,0.3,46.0,0.6655797101449276,0.13333333333333333
21,2,0,0.13333333333333333,47.0,0.6542553191489362,0.1
21,2,0,0.1,48.0,0.6427083333333333,0.08333333333333333
21,2,0,0.08333333333333333,49.0,0.6312925170068028,0.05
21,2,0,0.05,50.0,0.6196666666666667,0.5833333333333334
21,2,0,0.5833333333333334,51.0,0.6189542483660131,0.35
21,2,0,0.35,52.0,0.6137820512820513,0.08333333333333333
21,2,0,0.08333333333333333,53.0,0.6037735849056604,0.05
21,2,0,0.05,54.0,0.5935185185185186,0.1
21,2,0,0.1,55.0,0.5845454545454545,0.06666666666666667
21,2,0,0.06666666666666667,56.0,0.5752976190476191,0.06666666666666667
21,2,0,0.06666666666666667,57.0,0.566374269005848,0.1
21,2,0,0.1,58.0,0.5583333333333333,0.05
21,2,0,0.05,59.0,0.5497175141242938,0.1
21,2,0,0.1,60.0,0.5422222222222222,0.3
21,2,0,0.3,61.0,0.5382513661202186,0.21666666666666667
21,2,0,0.21666666666666667,62.0,0.5330645161290323,0.11666666666666667
21,2,0,0.11666666666666667,63.0,0.5264550264550264,0.06666666666666667
21,2,0,0.06666666666666667,64.0,0.5192708333333333,0.08333333333333333
21,2,0,0.08333333333333333,65.0,0.5125641025641026,0.06666666666666667
21,2,0,0.06666666666666667,66.0,0.5058080808080808,0.06666666666666667
21,2,0,0.06666666666666667,67.0,0.4992537313432836,0.11666666666666667
21,2,0,0.11666666666666667,68.0,0.4936274509803922,0.08333333333333333
21,2,0,0.08333333333333333,69.0,0.48768115942028983,0.08333333333333333
21,2,0,0.08333333333333333,70.0,0.4819047619047619,0.08333333333333333
21,2,0,0.08333333333333333,71.0,0.47629107981220664,0.06666666666666667
21,2,0,0.06666666666666667,72.0,0.4706018518518518,0.05
21,2,0,0.05,73.0,0.4648401826484019,0.06666666666666667
21,2,0,0.06666666666666667,74.0,0.4594594594594595,0.06666666666666667
21,2,0,0.06666666666666667,75.0,0.45422222222222225,0.06666666666666667
21,2,0,0.06666666666666667,76.0,0.44912280701754387,2.1666666666666665
21,2,0,2.1666666666666665,77.0,0.4714285714285714,2.216666666666667
21,2,0,2.216666666666667,78.0,0.49380341880341877,1.6333333333333333
21,2,0,1.6333333333333333,79.0,0.5082278481012658,2.533333333333333
21,2,0,2.533333333333333,80.0,0.5335416666666667,0.65
21,2,0,0.65,81.0,0.5349794238683128,0.7
21,2,0,0.7,82.0,0.5369918699186992,0.6833333333333333
21,2,0,0.6833333333333333,83.0,0.5387550200803213,0.4166666666666667
21,2,0,0.4166666666666667,84.0,0.5373015873015873,0.4166666666666667
21,2,0,0.4166666666666667,85.0,0.5358823529411765,0.5333333333333333
21,2,0,0.5333333333333333,86.0,0.5358527131782946,0.38333333333333336
21,2,0,0.38333333333333336,87.0,0.5340996168582376,0.016666666666666666
21,2,0,0.016666666666666666,88.0,0.528219696969697,0.8333333333333334
21,2,0,0.8333333333333334,89.0,0.5316479400749065,0.05
21,2,0,0.05,90.0,0.5262962962962963,0.2
21,2,0,0.2,91.0,0.5227106227106227,0.4166666666666667
21,2,0,0.4166666666666667,92.0,0.5215579710144927,0.65
21,2,0,0.65,93.0,0.5229390681003584,0.7166666666666667
21,2,0,0.7166666666666667,94.0,0.525,0.75
21,2,0,0.75,95.0,0.5273684210526316,0.3333333333333333
21,2,0,0.3333333333333333,96.0,0.5253472222222223,0.3333333333333333
21,2,0,0.3333333333333333,97.0,0.5233676975945017,0.31666666666666665
21,2,0,0.31666666666666665,98.0,0.5212585034013606,4.016666666666667
21,2,0,4.016666666666667,99.0,0.5565656565656566,0.31666666666666665
21,2,0,0.31666666666666665,100.0,0.5541666666666667,0.36666666666666664
21,2,0,0.36666666666666664,101.0,0.5523102310231023,0.36666666666666664
21,2,0,0.36666666666666664,102.0,0.5504901960784313,2.3333333333333335
21,2,0,2.3333333333333335,103.0,0.5677993527508091,0.3333333333333333
21,2,0,0.3333333333333333,104.0,0.5655448717948718,0.4
21,2,0,0.4,105.0,0.563968253968254,0.3333333333333333
21,2,0,0.3333333333333333,106.0,0.5617924528301886,21.583333333333332
21,2,0,21.583333333333332,96.0,0.6336805555555555,0.5333333333333333
21,2,0,0.5333333333333333,97.0,0.6326460481099656,0.36666666666666664
22,2,0,0.36666666666666664,98.0,0.6299319727891156,0.36666666666666664
22,2,0,0.36666666666666664,99.0,0.6272727272727272,25.183333333333334
22,2,0,25.183333333333334,20.0,3.0008333333333335,1.3666666666666667
22,2,0,1.3666666666666667,19.0,3.174561403508772,0.4166666666666667
22,2,0,0.4166666666666667,19.0,3.1587719298245616,0.4666666666666667
22,2,0,0.4666666666666667,20.0,3.024166666666667,0.35
22,2,0,0.35,20.0,3.0041666666666664,16.166666666666668
22,2,0,16.166666666666668,10.0,6.6800000000000015,0.7833333333333333
22,2,0,0.7833333333333333,11.0,6.1439393939393945,0.7
22,2,0,0.7,12.0,5.690277777777777,2.966666666666667
22,2,0,2.966666666666667,13.0,5.480769230769231,6.883333333333334
22,2,0,6.883333333333334,14.0,5.5809523809523816,0.7833333333333333
22,2,0,0.7833333333333333,15.0,5.261111111111111,9.616666666666667
23,2,0,9.616666666666667,12.0,5.473611111111111,0.9833333333333333
23,2,0,0.9833333333333333,13.0,5.128205128205129,0.3333333333333333
23,2,0,0.3333333333333333,14.0,4.785714285714286,0.38333333333333336
23,2,0,0.38333333333333336,15.0,4.492222222222223,5.133333333333334
23,2,0,5.133333333333334,16.0,4.532291666666667,0.7
23,2,0,0.7,17.0,4.306862745098039,18.083333333333332
23,2,0,18.083333333333332,13.0,4.885897435897436,1.5333333333333334
23,2,0,1.5333333333333334,14.0,4.646428571428572,4.933333333333334
23,2,0,4.933333333333334,15.0,4.665555555555556,0.3333333333333333
23,2,0,0.3333333333333333,16.0,4.394791666666667,2.2666666666666666
23,2,0,2.2666666666666666,17.0,4.269607843137256,0.7
23,2,0,0.7,18.0,4.071296296296297,1.9
23,2,0,1.9,19.0,3.9570175438596493,0.38333333333333336
23,2,0,0.38333333333333336,20.0,3.7783333333333338,0.31666666666666665
23,2,0,0.31666666666666665,21.0,3.613492063492064,0.6666666666666666
23,2,0,0.6666666666666666,21.0,2.8753968253968254,21.616666666666667
0,3,0,21.616666666666667,16.0,3.7666666666666666,29.016666666666666
0,3,0,29.016666666666666,10.0,6.213333333333334,0.7166666666666667
0,3,0,0.7166666666666667,11.0,5.713636363636364,2.85
0,3,0,2.85,10.0,6.043333333333334,0.3333333333333333
0,3,0,0.3333333333333333,11.0,5.524242424242424,78.95
1,3,0,78.95,1.0,78.95,0.31666666666666665
1,3,0,0.31666666666666665,2.0,39.63333333333333,345.1666666666667
7,3,0,345.1666666666667,1.0,345.1666666666667,13.183333333333334
7,3,0,13.183333333333334,2.0,179.175,20.166666666666668
8,3,0,20.166666666666668,3.0,126.17222222222223,16.083333333333332
8,3,0,16.083333333333332,4.0,98.65,2.25
8,3,0,2.25,5.0,79.37,0.5666666666666667
8,3,0,0.5666666666666667,6.0,66.23611111111111,1.8666666666666667
8,3,0,1.8666666666666667,7.0,57.04047619047619,23.0
9,3,0,23.0,6.0,10.655555555555555,6.483333333333333
9,3,0,6.483333333333333,7.0,10.059523809523808,0.9
9,3,0,0.9,8.0,8.914583333333333,0.31666666666666665
9,3,0,0.31666666666666665,9.0,7.959259259259259,0.3333333333333333
9,3,0,0.3333333333333333,10.0,7.196666666666667,0.35
9,3,0,0.35,11.0,6.574242424242424,0.4
9,3,0,0.4,12.0,6.059722222222223,1.0
9,3,0,1.0,13.0,5.670512820512821,0.35
9,3,0,0.35,14.0,5.29047619047619,0.36666666666666664
9,3,0,0.36666666666666664,15.0,4.9622222222222225,0.38333333333333336
9,3,0,0.38333333333333336,16.0,4.676041666666666,0.4166666666666667
9,3,0,0.4166666666666667,17.0,4.425490196078432,0.3333333333333333
9,3,0,0.3333333333333333,18.0,4.198148148148148,0.3333333333333333
9,3,0,0.3333333333333333,19.0,3.994736842105263,0.7333333333333333
9,3,0,0.7333333333333333,20.0,3.831666666666666,1.5
9,3,0,1.5,21.0,3.7206349206349203,7.383333333333334
9,3,0,7.383333333333334,21.0,3.1119047619047615,0.9666666666666667
9,3,0,0.9666666666666667,22.0,3.014393939393939,0.31666666666666665
9,3,0,0.31666666666666665,23.0,2.8971014492753624,0.55
9,3,0,0.55,24.0,2.7993055555555557,0.3333333333333333
9,3,0,0.3333333333333333,25.0,2.7006666666666668,4.55
9,3,0,4.55,26.0,2.7717948717948717,5.616666666666666
9,3,0,5.616666666666666,26.0,2.3692307692307693,0.43333333333333335
9,3,0,0.43333333333333335,27.0,2.297530864197531,5.816666666666666
9,3,0,5.816666666666666,25.0,2.5266666666666664,16.983333333333334
9,3,0,16.983333333333334,26.0,3.082692307692308,31.0
10,3,0,31.0,6.0,10.733333333333334,18.25
10,3,0,18.25,3.0,22.07777777777778,1.3333333333333333
10,3,0,1.3333333333333333,4.0,16.89166666666667,0.45
10,3,0,0.45,5.0,13.603333333333333,1.4833333333333334
10,3,0,1.4833333333333334,6.0,11.583333333333334,0.75
10,3,0,0.75,7.0,10.035714285714286,1.55
10,3,0,1.55,8.0,8.975000000000001,0.5833333333333334
10,3,0,0.5833333333333334,9.0,8.042592592592593,19.933333333333334
11,3,0,19.933333333333334,9.0,8.370370370370372,70.81666666666666
12,3,0,70.81666666666666,1.0,70.81666666666666,1.1333333333333333
12,3,0,1.1333333333333333,2.0,35.975,0.9333333333333333
12,3,0,0.9333333333333333,3.0,24.29444444444444,2.7666666666666666
12,3,0,2.7666666666666666,4.0,18.912499999999998,0.38333333333333336
12,3,0,0.38333333333333336,5.0,15.206666666666667,0.45
12,3,0,0.45,6.0,12.747222222222222,1.8333333333333333
12,3,0,1.8333333333333333,7.0,11.188095238095238,14.566666666666666
12,3,0,14.566666666666666,8.0,11.610416666666666,0.65
12,3,0,0.65,9.0,10.392592592592592,1.0
12,3,0,1.0,10.0,9.453333333333333,3.3333333333333335
12,3,0,3.3333333333333335,11.0,8.896969696969697,2.0
12,3,0,2.0,12.0,8.322222222222221,0.8166666666666667
12,3,0,0.8166666666666667,13.0,7.744871794871794,1.55
12,3,0,1.55,14.0,7.302380952380952,0.43333333333333335
12,3,0,0.43333333333333335,15.0,6.844444444444444,1.95
12,3,0,1.95,16.0,6.538541666666666,0.7
12,3,0,0.7,17.0,6.1950980392156865,3.45
13,3,0,3.45,18.0,6.042592592592593,0.85
13,3,0,0.85,19.0,5.769298245614035,0.7666666666666667
13,3,0,0.7666666666666667,20.0,5.519166666666666,0.38333333333333336
13,3,0,0.38333333333333336,21.0,5.2746031746031745,0.7666666666666667
13,3,0,0.7666666666666667,22.0,5.069696969696969,0.55
13,3,0,0.55,23.0,4.8731884057971016,1.0
13,3,0,1.0,24.0,4.711805555555555,0.36666666666666664
13,3,0,0.36666666666666664,25.0,4.538,0.9333333333333333
13,3,0,0.9333333333333333,26.0,4.399358974358974,0.31666666666666665
13,3,0,0.31666666666666665,27.0,4.2481481481481485,1.4666666666666666
13,3,0,1.4666666666666666,28.0,4.148809523809524,1.7
13,3,0,1.7,29.0,4.064367816091954,3.15
13,3,0,3.15,30.0,4.033888888888889,0.8333333333333334
13,3,0,0.8333333333333334,31.0,3.9306451612903226,0.31666666666666665
13,3,0,0.31666666666666665,32.0,3.817708333333333,0.5
13,3,0,0.5,33.0,3.7171717171717167,0.31666666666666665
13,3,0,0.31666666666666665,34.0,3.617156862745098,0.36666666666666664
13,3,0,0.36666666666666664,35.0,3.524285714285714,0.31666666666666665
13,3,0,0.31666666666666665,36.0,3.435185185185185,0.4
13,3,0,0.4,37.0,3.353153153153153,0.36666666666666664
13,3,0,0.36666666666666664,38.0,3.2745614035087716,0.36666666666666664
13,3,0,0.36666666666666664,39.0,3.1999999999999997,0.55
13,3,0,0.55,40.0,3.13375,3.3
13,3,0,3.3,41.0,3.137804878048781,0.3333333333333333
13,3,0,0.3333333333333333,42.0,3.071031746031746,0.35
13,3,0,0.35,43.0,3.007751937984496,0.38333333333333336
13,3,0,0.38333333333333336,44.0,2.9481060606060607,0.31666666666666665
13,3,0,0.31666666666666665,45.0,2.8896296296296295,0.3333333333333333
13,3,0,0.3333333333333333,46.0,2.834057971014493,0.3333333333333333
13,3,0,0.3333333333333333,47.0,2.780851063829787,0.45
13,3,0,0.45,47.0,1.2836879432624113,0.31666666666666665
13,3,0,0.31666666666666665,48.0,1.2635416666666666,0.3333333333333333
13,3,0,0.3333333333333333,49.0,1.2445578231292518,0.48333333333333334
13,3,0,0.48333333333333334,49.0,1.2312925170068028,0.3333333333333333
13,3,0,0.3333333333333333,50.0,1.2133333333333334,0.31666666666666665
13,3,0,0.31666666666666665,50.0,1.2009999999999998,0.31666666666666665
13,3,0,0.31666666666666665,51.0,1.183660130718954,0.3333333333333333
13,3,0,0.3333333333333333,52.0,1.1673076923076922,0.35
13,3,0,0.35,53.0,1.1518867924528302,0.31666666666666665
13,3,0,0.31666666666666665,54.0,1.1364197530864197,0.35
13,3,0,0.35,55.0,1.122121212121212,0.35
13,3,0,0.35,56.0,1.1083333333333332,0.35
13,3,0,0.35,57.0,1.095029239766082,0.4166666666666667
13,3,0,0.4166666666666667,57.0,1.0538011695906433,0.3333333333333333
13,3,0,0.3333333333333333,57.0,1.052923976608187,0.31666666666666665
13,3,0,0.31666666666666665,58.0,1.0402298850574712,0.36666666666666664
13,3,0,0.36666666666666664,58.0,1.0387931034482758,0.3333333333333333
13,3,0,0.3333333333333333,59.0,1.0268361581920904,0.31666666666666665
13,3,0,0.31666666666666665,60.0,1.015,0.36666666666666664
13,3,0,0.36666666666666664,61.0,1.0043715846994536,0.65
13,3,0,0.65,61.0,0.9849726775956285,1.7833333333333334
13,3,0,1.7833333333333334,62.0,0.9978494623655914,3.4166666666666665
13,3,0,3.4166666666666665,63.0,1.0362433862433862,0.6666666666666666
13,3,0,0.6666666666666666,64.0,1.03046875,28.75
14,3,0,28.75,49.0,1.2435374149659866,2.9166666666666665
14,3,0,2.9166666666666665,46.0,1.3311594202898551,24.866666666666667
14,3,0,24.866666666666667,5.0,12.123333333333333,2.6333333333333333
14,3,0,2.6333333333333333,6.0,10.541666666666666,0.3333333333333333
14,3,0,0.3333333333333333,6.0,10.027777777777779,0.35
14,3,0,0.35,7.0,8.645238095238096,0.43333333333333335
14,3,0,0.43333333333333335,7.0,8.611904761904762,5.733333333333333
14,3,0,5.733333333333333,8.0,8.252083333333333,1.9333333333333333
14,3,0,1.9333333333333333,9.0,7.550000000000001,1.05
14,3,0,1.05,10.0,6.9,15.333333333333334
15,3,0,15.333333333333334,11.0,7.666666666666666,1.3333333333333333
15,3,0,1.3333333333333333,12.0,7.138888888888889,25.466666666666665
15,3,0,25.466666666666665,11.0,7.224242424242425,0.7333333333333333
15,3,0,0.7333333333333333,12.0,6.683333333333334,31.683333333333334
16,3,0,31.683333333333334,5.0,14.91,3.933333333333333
16,3,0,3.933333333333333,4.0,15.454166666666666,60.65
17,3,0,60.65,1.0,60.65,12.35
17,3,0,12.35,2.0,36.5,2.2333333333333334
17,3,0,2.2333333333333334,3.0,25.07777777777778,17.5
17,3,0,17.5,4.0,23.183333333333334,2.466666666666667
17,3,0,2.466666666666667,5.0,19.04,3.4833333333333334
17,3,0,3.4833333333333334,6.0,16.447222222222223,0.3333333333333333
17,3,0,0.3333333333333333,7.0,14.145238095238096,0.43333333333333335
17,3,0,0.43333333333333335,8.0,12.43125,0.35
17,3,0,0.35,9.0,11.088888888888889,0.31666666666666665
17,3,0,0.31666666666666665,10.0,10.011666666666667,3.7666666666666666
17,3,0,3.7666666666666666,11.0,9.443939393939393,35.5
18,3,0,35.5,9.0,7.127777777777778,1.05
18,3,0,1.05,10.0,6.5200000000000005,13.316666666666666
18,3,0,13.316666666666666,10.0,6.101666666666667,8.183333333333334
18,3,0,8.183333333333334,5.0,12.363333333333333,0.45
18,3,0,0.45,6.0,10.377777777777778,8.0
18,3,0,8.0,6.0,11.083333333333334,0.7166666666666667
18,3,0,0.7166666666666667,7.0,9.602380952380953,0.4
18,3,0,0.4,8.0,8.452083333333333,0.5333333333333333
18,3,0,0.5333333333333333,9.0,7.572222222222223,0.3
18,3,0,0.3,10.0,6.845000000000001,0.3333333333333333
18,3,0,0.3333333333333333,11.0,6.253030303030303,0.3333333333333333
18,3,0,0.3333333333333333,12.0,5.759722222222222,0.31666666666666665
18,3,0,0.31666666666666665,13.0,5.341025641025642,0.31666666666666665
18,3,0,0.31666666666666665,14.0,4.982142857142857,0.35
18,3,0,0.35,15.0,4.673333333333333,0.4
18,3,0,0.4,16.0,4.40625,0.31666666666666665
18,3,0,0.31666666666666665,17.0,4.165686274509803,0.31666666666666665
19,3,0,0.31666666666666665,18.0,3.951851851851852,0.3333333333333333
19,3,0,0.3333333333333333,19.0,3.76140350877193,0.31666666666666665
19,3,0,0.31666666666666665,20.0,3.5891666666666664,0.31666666666666665
19,3,0,0.31666666666666665,21.0,3.433333333333333,0.35
19,3,0,0.35,22.0,3.2931818181818184,0.35
19,3,0,0.35,23.0,3.1652173913043478,0.3333333333333333
19,3,0,0.3333333333333333,24.0,3.0472222222222225,0.31666666666666665
19,3,0,0.31666666666666665,25.0,2.938,0.36666666666666664
19,3,0,0.36666666666666664,26.0,2.839102564102564,0.35
19,3,0,0.35,27.0,2.746913580246914,0.31666666666666665
19,3,0,0.31666666666666665,28.0,2.6601190476190477,0.31666666666666665
19,3,0,0.31666666666666665,29.0,2.579310344827586,0.3333333333333333
19,3,0,0.3333333333333333,30.0,2.5044444444444447,0.3333333333333333
19,3,0,0.3333333333333333,31.0,2.434408602150538,0.3333333333333333
19,3,0,0.3333333333333333,32.0,2.36875,0.3333333333333333
19,3,0,0.3333333333333333,33.0,2.3070707070707073,0.4166666666666667
19,3,0,0.4166666666666667,34.0,2.251470588235294,0.35
19,3,0,0.35,35.0,2.1971428571428575,0.36666666666666664
19,3,0,0.36666666666666664,36.0,2.1462962962962964,0.3333333333333333
19,3,0,0.3333333333333333,37.0,2.097297297297297,0.3
19,3,0,0.3,38.0,2.0500000000000003,0.31666666666666665
19,3,0,0.31666666666666665,39.0,2.0055555555555555,0.35
19,3,0,0.35,40.0,1.9641666666666666,0.3333333333333333
19,3,0,0.3333333333333333,41.0,1.9243902439024392,0.3
19,3,0,0.3,42.0,1.8857142857142857,0.3333333333333333
19,3,0,0.3333333333333333,43.0,1.8496124031007752,0.31666666666666665
19,3,0,0.31666666666666665,44.0,1.8147727272727272,0.36666666666666664
19,3,0,0.36666666666666664,45.0,1.7825925925925927,0.31666666666666665
19,3,0,0.31666666666666665,46.0,1.7507246376811594,0.4666666666666667
19,3,0,0.4666666666666667,47.0,1.7234042553191489,0.3333333333333333
19,3,0,0.3333333333333333,48.0,1.6944444444444444,0.31666666666666665
19,3,0,0.31666666666666665,49.0,1.666326530612245,0.4
19,3,0,0.4,50.0,1.641,0.38333333333333336
19,3,0,0.38333333333333336,51.0,1.6163398692810458,0.31666666666666665
19,3,0,0.31666666666666665,52.0,1.5913461538461537,0.31666666666666665
19,3,0,0.31666666666666665,53.0,1.5672955974842766,0.5
19,3,0,0.5,54.0,1.5475308641975307,0.31666666666666665
19,3,0,0.31666666666666665,55.0,1.525151515151515,0.4166666666666667
19,3,0,0.4166666666666667,56.0,1.5053571428571428,0.3333333333333333
19,3,0,0.3333333333333333,57.0,1.4847953216374268,0.31666666666666665
19,3,0,0.31666666666666665,58.0,1.464655172413793,0.4666666666666667
19,3,0,0.4666666666666667,59.0,1.4477401129943503,0.3333333333333333
19,3,0,0.3333333333333333,60.0,1.4291666666666667,0.3333333333333333
19,3,0,0.3333333333333333,61.0,1.4112021857923496,0.4
19,3,0,0.4,62.0,1.3948924731182797,0.7666666666666667
19,3,0,0.7666666666666667,63.0,1.3849206349206349,5.133333333333334
19,3,0,5.133333333333334,64.0,1.4434895833333332,1.05
19,3,0,1.05,65.0,1.4374358974358974,1.55
19,3,0,1.55,66.0,1.439141414141414,0.9833333333333333
19,3,0,0.9833333333333333,66.0,0.9161616161616162,5.166666666666667
19,3,0,5.166666666666667,66.0,0.9785353535353537,0.31666666666666665
19,3,0,0.31666666666666665,67.0,0.9686567164179105,7.833333333333333
19,3,0,7.833333333333333,68.0,1.0696078431372549,3.6166666666666667
19,3,0,3.6166666666666667,68.0,0.9269607843137254,6.65
19,3,0,6.65,67.0,0.9111940298507463,1.55
19,3,0,1.55,68.0,0.9205882352941177,19.7
20,3,0,19.7,28.0,2.1523809523809523,3.6
20,3,0,3.6,19.0,3.1631578947368424,2.066666666666667
20,3,0,2.066666666666667,15.0,4.025555555555555,0.3333333333333333
20,3,0,0.3333333333333333,15.0,4.021111111111111,8.816666666666666
20,3,0,8.816666666666666,12.0,5.052777777777777,1.35
20,3,0,1.35,12.0,5.083333333333333,6.55
20,3,0,6.55,11.0,5.642424242424242,65.95
21,3,0,65.95,1.0,65.95,3.4166666666666665
21,3,0,3.4166666666666665,2.0,34.68333333333334,5.15
21,3,0,5.15,3.0,24.83888888888889,3.3833333333333333
21,3,0,3.3833333333333333,4.0,19.475,0.5
21,3,0,0.5,5.0,15.680000000000001,1.2666666666666666
21,3,0,1.2666666666666666,6.0,13.277777777777779,0.8333333333333334
21,3,0,0.8333333333333334,7.0,11.5,0.48333333333333334
21,3,0,0.48333333333333334,8.0,10.122916666666667,1.6
21,3,0,1.6,9.0,9.175925925925927,1.0833333333333333
21,3,0,1.0833333333333333,10.0,8.366666666666667,0.6666666666666666
21,3,0,0.6666666666666666,11.0,7.666666666666668,1.5166666666666666
21,3,0,1.5166666666666666,12.0,7.154166666666668,3.8833333333333333
22,3,0,3.8833333333333333,13.0,6.902564102564103,0.5333333333333333
22,3,0,0.5333333333333333,14.0,6.447619047619048,1.65
22,3,0,1.65,15.0,6.127777777777778,11.833333333333334
22,3,0,11.833333333333334,16.0,6.484375,2.066666666666667
22,3,0,2.066666666666667,17.0,6.22450980392157,4.0
22,3,0,4.0,18.0,6.100925925925926,104.55
0,4,0,104.55,1.0,104.55,0.48333333333333334
0,4,0,0.48333333333333334,2.0,52.516666666666666,2.9833333333333334
0,4,0,2.9833333333333334,3.0,36.00555555555555,1.7
0,4,0,1.7,4.0,27.429166666666667,0.43333333333333335
0,4,0,0.43333333333333335,5.0,22.029999999999998,82.38333333333334
1,4,0,82.38333333333334,1.0,82.38333333333334,316.96666666666664
6,4,0,316.96666666666664,1.0,316.96666666666664,81.03333333333333
8,4,0,81.03333333333333,1.0,81.03333333333333,2.533333333333333
8,4,0,2.533333333333333,2.0,41.78333333333333,13.8
8,4,0,13.8,3.0,32.455555555555556,1.45
8,4,0,1.45,4.0,24.704166666666666,4.4
8,4,0,4.4,5.0,20.643333333333334,0.6666666666666666
8,4,0,0.6666666666666666,6.0,17.313888888888886,15.4
8,4,0,15.4,7.0,17.04047619047619,0.35
8,4,0,0.35,8.0,14.954166666666667,0.8833333333333333
8,4,0,0.8833333333333333,9.0,13.39074074074074,0.35
8,4,0,0.35,10.0,12.086666666666666,0.48333333333333334
8,4,0,0.48333333333333334,11.0,11.031818181818181,0.5666666666666667
8,4,0,0.5666666666666667,12.0,10.159722222222223,0.31666666666666665
8,4,0,0.31666666666666665,13.0,9.402564102564103,7.45
9,4,0,7.45,14.0,9.263095238095238,2.216666666666667
9,4,0,2.216666666666667,15.0,8.793333333333333,0.36666666666666664
9,4,0,0.36666666666666664,16.0,8.266666666666667,0.3333333333333333
9,4,0,0.3333333333333333,17.0,7.8,0.45
9,4,0,0.45,18.0,7.3916666666666675,0.35
9,4,0,0.35,19.0,7.021052631578947,0.3333333333333333
9,4,0,0.3333333333333333,20.0,6.686666666666666,0.6
9,4,0,0.6,21.0,6.396825396825397,0.43333333333333335
9,4,0,0.43333333333333335,22.0,6.125757575757576,0.5833333333333334
9,4,0,0.5833333333333334,23.0,5.884782608695652,0.43333333333333335
9,4,0,0.43333333333333335,24.0,5.657638888888889,0.45
9,4,0,0.45,25.0,5.449333333333333,0.35
9,4,0,0.35,26.0,5.253205128205129,0.6833333333333333
9,4,0,0.6833333333333333,27.0,5.083950617283951,3.9
9,4,0,3.9,27.0,2.2271604938271605,0.3333333333333333
9,4,0,0.3333333333333333,28.0,2.1595238095238094,0.45
9,4,0,0.45,29.0,2.1005747126436782,1.75
9,4,0,1.75,29.0,2.073563218390805,2.3
9,4,0,2.3,30.0,2.0811111111111114,35.03333333333333
9,4,0,35.03333333333333,23.0,2.6159420289855073,12.716666666666667
10,4,0,12.716666666666667,14.0,4.286904761904762,3.5
10,4,0,3.5,9.0,6.7407407407407405,1.0333333333333334
10,4,0,1.0333333333333334,9.0,6.779629629629629,2.683333333333333
10,4,0,2.683333333333333,10.0,6.37,0.7666666666666667
10,4,0,0.7666666666666667,9.0,6.692592592592593,0.3333333333333333
10,4,0,0.3333333333333333,9.0,6.679629629629629,18.333333333333332
10,4,0,18.333333333333332,8.0,9.3,0.3333333333333333
10,4,0,0.3333333333333333,9.0,8.303703703703704,8.983333333333333
10,4,0,8.983333333333333,10.0,8.371666666666666,8.85
10,4,0,8.85,11.0,8.415151515151514,18.8
11,4,0,18.8,9.0,6.67962962962963,2.816666666666667
11,4,0,2.816666666666667,9.0,6.877777777777778,3.6333333333333333
11,4,0,3.6333333333333333,7.0,8.821428571428573,0.3333333333333333
11,4,0,0.3333333333333333,8.0,7.760416666666667,0.35
11,4,0,0.35,9.0,6.937037037037038,0.9166666666666666
11,4,0,0.9166666666666666,10.0,6.335,1.8166666666666667
11,4,0,1.8166666666666667,11.0,5.924242424242425,2.1166666666666667
11,4,0,2.1166666666666667,12.0,5.606944444444444,2.6666666666666665
11,4,0,2.6666666666666665,13.0,5.380769230769231,0.31666666666666665
11,4,0,0.31666666666666665,14.0,5.019047619047619,2.2333333333333334
11,4,0,2.2333333333333334,15.0,4.833333333333333,4.05
11,4,0,4.05,16.0,4.784375000000001,0.3333333333333333
11,4,0,0.3333333333333333,17.0,4.522549019607844,0.31666666666666665
11,4,0,0.31666666666666665,18.0,4.288888888888889,12.466666666666667
11,4,0,12.466666666666667,16.0,3.8760416666666666,3.8333333333333335
11,4,0,3.8333333333333335,17.0,3.8735294117647054,11.05
11,4,0,11.05,17.0,4.002941176470589,0.31666666666666665
11,4,0,0.31666666666666665,18.0,3.7981481481481487,2.6166666666666667
12,4,0,2.6166666666666667,19.0,3.7359649122807017,60.81666666666667
13,4,0,60.81666666666667,1.0,60.81666666666667,0.7
13,4,0,0.7,2.0,30.758333333333336,0.8
13,4,0,0.8,3.0,20.772222222222222,5.683333333333334
13,4,0,5.683333333333334,4.0,17.0,2.6666666666666665
13,4,0,2.6666666666666665,5.0,14.133333333333335,0.31666666666666665
13,4,0,0.31666666666666665,6.0,11.830555555555556,30.266666666666666
13,4,0,30.266666666666666,7.0,14.464285714285714,0.6666666666666666
13,4,0,0.6666666666666666,8.0,12.739583333333334,0.6333333333333333
13,4,0,0.6333333333333333,9.0,11.394444444444444,3.716666666666667
13,4,0,3.716666666666667,10.0,10.626666666666667,0.4666666666666667
13,4,0,0.4666666666666667,11.0,9.703030303030303,2.8
13,4,0,2.8,12.0,9.127777777777778,0.3333333333333333
13,4,0,0.3333333333333333,13.0,8.451282051282051,0.5
13,4,0,0.5,14.0,7.883333333333334,0.3333333333333333
13,4,0,0.3333333333333333,15.0,7.38,0.3
13,4,0,0.3,16.0,6.9375,0.38333333333333336
13,4,0,0.38333333333333336,17.0,6.551960784313726,0.8833333333333333
13,4,0,0.8833333333333333,18.0,6.237037037037037,1.3833333333333333
13,4,0,1.3833333333333333,19.0,5.981578947368422,2.3333333333333335
13,4,0,2.3333333333333335,20.0,5.799166666666666,2.3666666666666667
13,4,0,2.3666666666666667,21.0,5.635714285714286,0.36666666666666664
14,4,0,0.36666666666666664,22.0,5.3962121212121215,0.4166666666666667
14,4,0,0.4166666666666667,23.0,5.179710144927537,0.3333333333333333
14,4,0,0.3333333333333333,24.0,4.977777777777778,0.38333333333333336
14,4,0,0.38333333333333336,25.0,4.7940000000000005,0.31666666666666665
14,4,0,0.31666666666666665,26.0,4.621794871794872,0.31666666666666665
14,4,0,0.31666666666666665,27.0,4.462345679012346,0.38333333333333336
14,4,0,0.38333333333333336,27.0,2.224074074074074,0.38333333333333336
14,4,0,0.38333333333333336,28.0,2.1583333333333337,0.31666666666666665
14,4,0,0.31666666666666665,28.0,2.144642857142857,0.3333333333333333
14,4,0,0.3333333333333333,29.0,2.082183908045977,0.4166666666666667
14,4,0,0.4166666666666667,29.0,2.0689655172413794,0.38333333333333336
14,4,0,0.38333333333333336,30.0,2.0127777777777776,0.3333333333333333
14,4,0,0.3333333333333333,31.0,1.9586021505376345,0.35
14,4,0,0.35,32.0,1.9083333333333334,1.0333333333333334
14,4,0,1.0333333333333334,33.0,1.8818181818181818,0.3333333333333333
14,4,0,0.3333333333333333,34.0,1.8362745098039217,0.36666666666666664
14,4,0,0.36666666666666664,35.0,1.7942857142857143,0.38333333333333336
14,4,0,0.38333333333333336,36.0,1.7550925925925926,0.36666666666666664
14,4,0,0.36666666666666664,37.0,1.7175675675675675,0.31666666666666665
14,4,0,0.31666666666666665,38.0,1.680701754385965,0.9666666666666667
14,4,0,0.9666666666666667,39.0,1.6623931623931623,0.31666666666666665
14,4,0,0.31666666666666665,40.0,1.6287500000000001,0.38333333333333336
14,4,0,0.38333333333333336,41.0,1.5983739837398374,0.31666666666666665
14,4,0,0.31666666666666665,41.0,1.467479674796748,0.4
14,4,0,0.4,42.0,1.442063492063492,0.31666666666666665
14,4,0,0.31666666666666665,43.0,1.415891472868217,0.3333333333333333
14,4,0,0.3333333333333333,44.0,1.3912878787878786,0.3333333333333333
14,4,0,0.3333333333333333,45.0,1.3677777777777778,0.31666666666666665
14,4,0,0.31666666666666665,46.0,1.344927536231884,0.38333333333333336
14,4,0,0.38333333333333336,47.0,1.324468085106383,0.31666666666666665
14,4,0,0.31666666666666665,48.0,1.3034722222222221,0.38333333333333336
14,4,0,0.38333333333333336,48.0,1.2559027777777778,0.3333333333333333
14,4,0,0.3333333333333333,48.0,1.25625,0.31666666666666665
14,4,0,0.31666666666666665,49.0,1.2370748299319727,0.3333333333333333
14,4,0,0.3333333333333333,50.0,1.219,0.4166666666666667
14,4,0,0.4166666666666667,51.0,1.203267973856209,0.3333333333333333
14,4,0,0.3333333333333333,52.0,1.1865384615384615,0.31666666666666665
14,4,0,0.31666666666666665,53.0,1.1701257861635221,0.6166666666666667
14,4,0,0.6166666666666667,54.0,1.1598765432098765,6.033333333333333
14,4,0,6.033333333333333,55.0,1.2484848484848485,0.31666666666666665
14,4,0,0.31666666666666665,56.0,1.231845238095238,29.35
14,4,0,29.35,52.0,1.2035256410256412,0.48333333333333334
14,4,0,0.48333333333333334,52.0,1.1589743589743589,12.766666666666667
15,4,0,12.766666666666667,33.0,1.8257575757575757,1.3833333333333333
15,4,0,1.3833333333333333,31.0,1.9537634408602151,2.1666666666666665
15,4,0,2.1666666666666665,27.0,2.231481481481482,61.43333333333333
16,4,0,61.43333333333333,1.0,61.43333333333333,30.366666666666667
16,4,0,30.366666666666667,2.0,45.9,3.1333333333333333
16,4,0,3.1333333333333333,3.0,31.644444444444446,2.7666666666666666
16,4,0,2.7666666666666666,4.0,24.425,2.3
16,4,0,2.3,5.0,20.0,4.616666666666666
16,4,0,4.616666666666666,6.0,17.43611111111111,14.133333333333333
17,4,0,14.133333333333333,7.0,16.964285714285715,3.5166666666666666
17,4,0,3.5166666666666666,7.0,8.690476190476192,0.3333333333333333
17,4,0,0.3333333333333333,8.0,7.645833333333333,0.35
17,4,0,0.35,9.0,6.8351851851851855,0.5833333333333334
17,4,0,0.5833333333333334,10.0,6.21,1.6333333333333333
17,4,0,1.6333333333333333,11.0,5.793939393939394,0.85
17,4,0,0.85,12.0,5.381944444444444,45.983333333333334
17,4,0,45.983333333333334,8.0,8.422916666666667,44.86666666666667
18,4,0,44.86666666666667,2.0,45.425,0.31666666666666665
18,4,0,0.31666666666666665,3.0,30.38888888888889,2.25
18,4,0,2.25,4.0,23.354166666666668,3.65
18,4,0,3.65,5.0,19.413333333333334,6.5
18,4,0,6.5,6.0,17.26111111111111,0.3333333333333333
18,4,0,0.3333333333333333,7.0,14.842857142857143,0.31666666666666665
18,4,0,0.31666666666666665,8.0,13.027083333333334,0.35
18,4,0,0.35,9.0,11.618518518518519,0.3333333333333333
18,4,0,0.3333333333333333,10.0,10.49,1.0666666666666667
18,4,0,1.0666666666666667,11.0,9.633333333333333,0.31666666666666665
18,4,0,0.31666666666666665,11.0,5.4818181818181815,10.216666666666667
19,4,0,10.216666666666667,12.0,5.876388888888889,4.1
19,4,0,4.1,13.0,5.739743589743591,1.5666666666666667
19,4,0,1.5666666666666667,14.0,5.441666666666667,0.8166666666666667
19,4,0,0.8166666666666667,15.0,5.133333333333334,4.416666666666667
19,4,0,4.416666666666667,16.0,5.088541666666667,0.5
19,4,0,0.5,17.0,4.818627450980393,3.2
19,4,0,3.2,18.0,4.7287037037037045,1.0166666666666666
19,4,0,1.0166666666666666,19.0,4.533333333333334,9.133333333333333
19,4,0,9.133333333333333,20.0,4.763333333333334,19.466666666666665
19,4,0,19.466666666666665,17.0,3.7441176470588236,8.05
20,4,0,8.05,11.0,5.680303030303031,3.5
20,4,0,3.5,12.0,5.498611111111111,43.05
20,4,0,43.05,4.0,18.516666666666666,9.433333333333334
20,4,0,9.433333333333334,4.0,16.008333333333333,8.083333333333334
21,4,0,8.083333333333334,3.0,20.188888888888886,9.583333333333334
21,4,0,9.583333333333334,4.0,17.5375,0.6833333333333333
21,4,0,0.6833333333333333,5.0,14.166666666666666,7.266666666666667
21,4,0,7.266666666666667,6.0,13.016666666666666,0.6
21,4,0,0.6,7.0,11.242857142857144,14.833333333333334
21,4,0,14.833333333333334,8.0,11.691666666666666,1.5
21,4,0,1.5,9.0,10.559259259259258,0.3333333333333333
21,4,0,0.3333333333333333,10.0,9.536666666666665,0.5833333333333334
21,4,0,0.5833333333333334,11.0,8.722727272727273,19.15
22,4,0,19.15,10.0,6.261666666666666,1.05
22,4,0,1.05,11.0,5.787878787878788,18.95
22,4,0,18.95,9.0,7.140740740740741,7.933333333333334
22,4,0,7.933333333333334,8.0,8.041666666666668,6.183333333333334
22,4,0,6.183333333333334,9.0,7.8351851851851855,29.766666666666666
23,4,0,29.766666666666666,4.0,15.708333333333332,117.6
1,5,1,117.6,1.0,117.6,0.31666666666666665
1,5,1,0.31666666666666665,2.0,58.95833333333333,0.45
1,5,1,0.45,3.0,39.455555555555556,43.06666666666667
1,5,1,43.06666666666667,4.0,40.358333333333334,89.8
3,5,1,89.8,1.0,89.8,172.01666666666668
6,5,1,172.01666666666668,1.0,172.01666666666668,138.91666666666666
8,5,1,138.91666666666666,1.0,138.91666666666666,31.25
8,5,1,31.25,2.0,85.08333333333333,0.8166666666666667
8,5,1,0.8166666666666667,3.0,56.99444444444444,6.616666666666666
9,5,1,6.616666666666666,4.0,44.4,0.4166666666666667
9,5,1,0.4166666666666667,5.0,35.60333333333333,1.1333333333333333
9,5,1,1.1333333333333333,6.0,29.85833333333333,0.43333333333333335
9,5,1,0.43333333333333335,7.0,25.6547619047619,0.4
9,5,1,0.4,8.0,22.497916666666665,0.6166666666666667
9,5,1,0.6166666666666667,9.0,20.066666666666666,0.8
9,5,1,0.8,10.0,18.139999999999997,2.783333333333333
9,5,1,2.783333333333333,11.0,16.743939393939396,0.35
9,5,1,0.35,12.0,15.377777777777778,0.3333333333333333
9,5,1,0.3333333333333333,13.0,14.22051282051282,0.55
9,5,1,0.55,14.0,13.244047619047619,1.4333333333333333
9,5,1,1.4333333333333333,15.0,12.456666666666667,63.75
10,5,1,63.75,1.0,63.75,12.616666666666667
10,5,1,12.616666666666667,2.0,38.18333333333334,0.35
10,5,1,0.35,3.0,25.572222222222223,34.15
11,5,1,34.15,4.0,27.71666666666667,0.31666666666666665
11,5,1,0.31666666666666665,5.0,22.236666666666668,1.0166666666666666
11,5,1,1.0166666666666666,6.0,18.7,0.7166666666666667
11,5,1,0.7166666666666667,7.0,16.130952380952383,0.7833333333333333
11,5,1,0.7833333333333333,8.0,14.2125,5.35
11,5,1,5.35,9.0,13.227777777777778,8.566666666666666
11,5,1,8.566666666666666,9.0,7.0962962962962965,1.8833333333333333
11,5,1,1.8833333333333333,10.0,6.575,2.95
11,5,1,2.95,11.0,6.245454545454546,0.9833333333333333
11,5,1,0.9833333333333333,12.0,5.8069444444444445,0.9833333333333333
11,5,1,0.9833333333333333,13.0,5.435897435897436,0.3333333333333333
11,5,1,0.3333333333333333,14.0,5.071428571428571,1.3166666666666667
11,5,1,1.3166666666666667,15.0,4.821111111111111,0.5
11,5,1,0.5,15.0,4.013333333333334,1.5333333333333334
11,5,1,1.5333333333333334,15.0,4.092222222222222,0.6833333333333333
11,5,1,0.6833333333333333,16.0,3.8791666666666664,0.3333333333333333
11,5,1,0.3333333333333333,17.0,3.6705882352941175,0.43333333333333335
11,5,1,0.43333333333333335,18.0,3.4907407407407405,3.7
11,5,1,3.7,19.0,3.501754385964912,0.35
11,5,1,0.35,20.0,3.3441666666666663,0.31666666666666665
11,5,1,0.31666666666666665,21.0,3.2,0.4
11,5,1,0.4,22.0,3.0727272727272723,0.31666666666666665
11,5,1,0.31666666666666665,23.0,2.9528985507246377,0.43333333333333335
11,5,1,0.43333333333333335,24.0,2.8479166666666664,0.45
11,5,1,0.45,25.0,2.752,0.31666666666666665
11,5,1,0.31666666666666665,26.0,2.658333333333333,0.31666666666666665
11,5,1,0.31666666666666665,27.0,2.571604938271605,0.4
11,5,1,0.4,28.0,2.494047619047619,0.4
11,5,1,0.4,29.0,2.4218390804597703,0.31666666666666665
11,5,1,0.31666666666666665,30.0,2.3516666666666666,1.0833333333333333
11,5,1,1.0833333333333333,31.0,2.310752688172043,1.65
11,5,1,1.65,32.0,2.2901041666666666,6.45
11,5,1,6.45,33.0,2.416161616161616,0.6166666666666667
11,5,1,0.6166666666666667,34.0,2.363235294117647,0.31666666666666665
11,5,1,0.31666666666666665,35.0,2.304761904761905,0.55
11,5,1,0.55,36.0,2.2560185185185184,0.3333333333333333
11,5,1,0.3333333333333333,37.0,2.204054054054054,0.5166666666666667
11,5,1,0.5166666666666667,38.0,2.1596491228070174,0.7333333333333333
11,5,1,0.7333333333333333,39.0,2.123076923076923,0.3333333333333333
11,5,1,0.3333333333333333,40.0,2.078333333333333,0.31666666666666665
11,5,1,0.31666666666666665,41.0,2.035365853658537,2.9166666666666665
11,5,1,2.9166666666666665,42.0,2.056349206349206,1.1166666666666667
11,5,1,1.1166666666666667,43.0,2.034496124031008,0.45
11,5,1,0.45,44.0,1.9984848484848485,2.9833333333333334
12,5,1,2.9833333333333334,45.0,2.0203703703703706,2.0
12,5,1,2.0,46.0,2.0199275362318843,0.35
12,5,1,0.35,47.0,1.9843971631205675,1.15
12,5,1,1.15,47.0,1.2822695035460994,0.31666666666666665
12,5,1,0.31666666666666665,47.0,1.2822695035460994,0.3333333333333333
12,5,1,0.3333333333333333,48.0,1.2625,1.3166666666666667
12,5,1,1.3166666666666667,47.0,1.2804964539007093,1.4166666666666667
12,5,1,1.4166666666666667,47.0,1.2939716312056737,0.31666666666666665
12,5,1,0.31666666666666665,48.0,1.273611111111111,0.31666666666666665
12,5,1,0.31666666666666665,49.0,1.254081632653061,0.31666666666666665
12,5,1,0.31666666666666665,50.0,1.2353333333333334,0.31666666666666665
12,5,1,0.31666666666666665,51.0,1.2173202614379084,0.35
12,5,1,0.35,52.0,1.2006410256410256,0.31666666666666665
12,5,1,0.31666666666666665,53.0,1.1839622641509433,1.8333333333333333
12,5,1,1.8333333333333333,54.0,1.1959876543209875,4.75
12,5,1,4.75,54.0,1.1848765432098765,0.9833333333333333
12,5,1,0.9833333333333333,55.0,1.1812121212121212,1.3666666666666667
12,5,1,1.3666666666666667,56.0,1.1845238095238098,0.35
12,5,1,0.35,57.0,1.1698830409356726,3.2333333333333334
12,5,1,3.2333333333333334,57.0,1.0763157894736843,0.9833333333333333
12,5,1,0.9833333333333333,57.0,1.0605263157894738,0.45
12,5,1,0.45,58.0,1.05,0.6833333333333333
12,5,1,0.6833333333333333,59.0,1.0437853107344632,0.8666666666666667
12,5,1,0.8666666666666667,60.0,1.0408333333333333,0.5166666666666667
12,5,1,0.5166666666666667,60.0,1.0002777777777778,1.8166666666666667
12,5,1,1.8166666666666667,60.0,1.0141666666666667,2.4833333333333334
12,5,1,2.4833333333333334,57.0,1.056140350877193,0.6333333333333333
12,5,1,0.6333333333333333,58.0,1.0488505747126435,0.7333333333333333
12,5,1,0.7333333333333333,58.0,1.0350574712643679,0.6333333333333333
12,5,1,0.6333333333333333,59.0,1.0282485875706213,3.3666666666666667
12,5,1,3.3666666666666667,57.0,1.0979532163742691,2.8833333333333333
12,5,1,2.8833333333333333,53.0,1.139308176100629,0.3
12,5,1,0.3,53.0,1.1367924528301887,29.7
13,5,1,29.7,25.0,2.4073333333333333,22.5
13,5,1,22.5,7.0,8.588095238095239,0.8666666666666667
13,5,1,0.8666666666666667,7.0,8.607142857142858,1.25
13,5,1,1.25,7.0,8.695238095238095,0.5166666666666667
13,5,1,0.5166666666666667,8.0,7.6729166666666675,0.4666666666666667
13,5,1,0.4666666666666667,9.0,6.872222222222223,4.5
13,5,1,4.5,8.0,7.5125,0.4666666666666667
13,5,1,0.4666666666666667,8.0,7.533333333333333,0.7166666666666667
13,5,1,0.7166666666666667,9.0,6.775925925925926,0.45
13,5,1,0.45,10.0,6.143333333333333,0.45
13,5,1,0.45,11.0,5.625757575757576,3.033333333333333
13,5,1,3.033333333333333,12.0,5.409722222222222,4.45
13,5,1,4.45,13.0,5.335897435897436,1.25
13,5,1,1.25,14.0,5.0440476190476184,0.3333333333333333
13,5,1,0.3333333333333333,15.0,4.73,0.4666666666666667
13,5,1,0.4666666666666667,16.0,4.463541666666667,0.31666666666666665
13,5,1,0.31666666666666665,17.0,4.219607843137255,0.4166666666666667
13,5,1,0.4166666666666667,18.0,4.008333333333334,0.31666666666666665
13,5,1,0.31666666666666665,19.0,3.8140350877192986,1.0
13,5,1,1.0,20.0,3.6733333333333333,1.0666666666666667
13,5,1,1.0666666666666667,21.0,3.549206349206349,0.9833333333333333
13,5,1,0.9833333333333333,22.0,3.4325757575757576,1.3833333333333333
13,5,1,1.3833333333333333,23.0,3.3434782608695657,0.4
13,5,1,0.4,24.0,3.220833333333333,0.45
13,5,1,0.45,25.0,3.11,1.5166666666666666
13,5,1,1.5166666666666666,26.0,3.0487179487179485,1.2333333333333334
14,5,1,1.2333333333333334,27.0,2.9814814814814814,0.5
14,5,1,0.5,28.0,2.892857142857143,0.8333333333333334
14,5,1,0.8333333333333334,29.0,2.82183908045977,0.6833333333333333
14,5,1,0.6833333333333333,30.0,2.7505555555555556,0.31666666666666665
14,5,1,0.31666666666666665,31.0,2.672043010752688,11.316666666666666
14,5,1,11.316666666666666,31.0,2.0790322580645157,1.9333333333333333
14,5,1,1.9333333333333333,32.0,2.0744791666666664,11.766666666666667
14,5,1,11.766666666666667,33.0,2.3681818181818177,0.5
14,5,1,0.5,34.0,2.313235294117647,0.75
14,5,1,0.75,35.0,2.2685714285714282,0.31666666666666665
14,5,1,0.31666666666666665,36.0,2.214351851851852,0.4666666666666667
14,5,1,0.4666666666666667,37.0,2.167117117117117,18.533333333333335
14,5,1,18.533333333333335,27.0,2.3518518518518516,42.416666666666664
15,5,1,42.416666666666664,2.0,30.475,0.65
15,5,1,0.65,3.0,20.533333333333335,4.483333333333333
15,5,1,4.483333333333333,4.0,16.520833333333336,0.31666666666666665
15,5,1,0.31666666666666665,5.0,13.280000000000001,1.1833333333333333
15,5,1,1.1833333333333333,6.0,11.263888888888891,0.3333333333333333
15,5,1,0.3333333333333333,7.0,9.702380952380953,38.516666666666666
16,5,1,38.516666666666666,7.0,12.557142857142859,1.0
16,5,1,1.0,8.0,11.1125,82.41666666666667
17,5,1,82.41666666666667,1.0,82.41666666666667,0.31666666666666665
17,5,1,0.31666666666666665,2.0,41.36666666666667,8.966666666666667
17,5,1,8.966666666666667,3.0,30.566666666666666,4.133333333333334
17,5,1,4.133333333333334,4.0,23.958333333333336,12.833333333333334
18,5,1,12.833333333333334,5.0,21.733333333333334,0.36666666666666664
18,5,1,0.36666666666666664,6.0,18.17222222222222,0.5833333333333334
18,5,1,0.5833333333333334,7.0,15.65952380952381,117.2
20,5,1,117.2,1.0,117.2,4.583333333333333
20,5,1,4.583333333333333,2.0,60.891666666666666,0.45
20,5,1,0.45,3.0,40.74444444444445,0.31666666666666665
20,5,1,0.31666666666666665,4.0,30.6375,2.4
20,5,1,2.4,5.0,24.990000000000002,0.65
20,5,1,0.65,6.0,20.933333333333334,1.3166666666666667
20,5,1,1.3166666666666667,7.0,18.130952380952383,1.35
20,5,1,1.35,8.0,16.033333333333335,0.4666666666666667
20,5,1,0.4666666666666667,9.0,14.303703703703706,0.48333333333333334
20,5,1,0.48333333333333334,10.0,12.921666666666667,3.5833333333333335
20,5,1,3.5833333333333335,11.0,12.072727272727274,45.71666666666667
21,5,1,45.71666666666667,11.0,5.574242424242424,11.783333333333333
21,5,1,11.783333333333333,3.0,20.36111111111111,73.0
22,5,1,73.0,1.0,73.0,6.933333333333334
22,5,1,6.933333333333334,2.0,39.96666666666667,0.35
22,5,1,0.35,3.0,26.76111111111111,8.016666666666667
22,5,1,8.016666666666667,4.0,22.075,0.3333333333333333
22,5,1,0.3333333333333333,5.0,17.726666666666667,1.05
22,5,1,1.05,6.0,14.947222222222223,2.183333333333333
22,5,1,2.183333333333333,7.0,13.123809523809525,0.31666666666666665
22,5,1,0.31666666666666665,8.0,11.522916666666667,4.433333333333334
22,5,1,4.433333333333334,9.0,10.735185185185186,12.466666666666667
23,5,1,12.466666666666667,10.0,10.908333333333333,86.16666666666667
0,6,1,86.16666666666667,1.0,86.16666666666667,98.03333333333333
2,6,1,98.03333333333333,1.0,98.03333333333333,0.31666666666666665
2,6,1,0.31666666666666665,2.0,49.175,360.6666666666667
8,6,1,360.6666666666667,1.0,360.6666666666667,25.716666666666665
8,6,1,25.716666666666665,2.0,193.19166666666666,0.31666666666666665
8,6,1,0.31666666666666665,3.0,128.9,0.3333333333333333
8,6,1,0.3333333333333333,4.0,96.75833333333334,0.31666666666666665
8,6,1,0.31666666666666665,5.0,77.47,1.15
8,6,1,1.15,6.0,64.75,0.4166666666666667
8,6,1,0.4166666666666667,7.0,55.55952380952381,0.5333333333333333
8,6,1,0.5333333333333333,8.0,48.681250000000006,2.7
8,6,1,2.7,9.0,43.57222222222222,0.8666666666666667
8,6,1,0.8666666666666667,10.0,39.30166666666667,1.1166666666666667
8,6,1,1.1166666666666667,11.0,35.83030303030303,0.3333333333333333
8,6,1,0.3333333333333333,12.0,32.87222222222223,3.216666666666667
8,6,1,3.216666666666667,13.0,30.59102564102564,0.6166666666666667
8,6,1,0.6166666666666667,14.0,28.45,0.3333333333333333
8,6,1,0.3333333333333333,15.0,26.575555555555557,0.7833333333333333
8,6,1,0.7833333333333333,16.0,24.963541666666668,0.45
8,6,1,0.45,17.0,23.521568627450982,0.31666666666666665
8,6,1,0.31666666666666665,18.0,22.232407407407408,0.6333333333333333
8,6,1,0.6333333333333333,19.0,21.09561403508772,0.9166666666666666
8,6,1,0.9166666666666666,20.0,20.086666666666666,13.7
9,6,1,13.7,21.0,19.78253968253968,2.0
9,6,1,2.0,22.0,18.974242424242423,0.31666666666666665
9,6,1,0.31666666666666665,23.0,18.16304347826087,0.31666666666666665
9,6,1,0.31666666666666665,24.0,17.419444444444444,0.6
9,6,1,0.6,25.0,16.746666666666666,0.6
9,6,1,0.6,26.0,16.125641025641027,0.48333333333333334
9,6,1,0.48333333333333334,27.0,15.546296296296296,0.3333333333333333
9,6,1,0.3333333333333333,28.0,15.002976190476192,0.65
9,6,1,0.65,28.0,2.145238095238095,0.35
9,6,1,0.35,29.0,2.083333333333333,0.38333333333333336
9,6,1,0.38333333333333336,30.0,2.0266666666666664,2.183333333333333
9,6,1,2.183333333333333,31.0,2.031720430107527,1.2166666666666666
9,6,1,1.2166666666666666,32.0,2.00625,0.48333333333333334
9,6,1,0.48333333333333334,33.0,1.9601010101010101,0.7666666666666667
9,6,1,0.7666666666666667,34.0,1.925,72.85
10,6,1,72.85,1.0,72.85,0.3333333333333333
10,6,1,0.3333333333333333,2.0,36.59166666666666,0.31666666666666665
10,6,1,0.31666666666666665,3.0,24.5,0.3333333333333333
10,6,1,0.3333333333333333,4.0,18.458333333333332,1.1333333333333333
10,6,1,1.1333333333333333,5.0,14.99333333333333,0.4
10,6,1,0.4,6.0,12.56111111111111,0.4666666666666667
10,6,1,0.4666666666666667,7.0,10.833333333333332,1.5166666666666666
10,6,1,1.5166666666666666,8.0,9.66875,0.4166666666666667
10,6,1,0.4166666666666667,9.0,8.64074074074074,0.31666666666666665
10,6,1,0.31666666666666665,10.0,7.808333333333333,0.55
10,6,1,0.55,11.0,7.1484848484848476,0.7
10,6,1,0.7,12.0,6.611111111111111,0.31666666666666665
10,6,1,0.31666666666666665,13.0,6.1269230769230765,69.18333333333334
11,6,1,69.18333333333334,1.0,69.18333333333334,13.2
11,6,1,13.2,2.0,41.19166666666667,0.31666666666666665
11,6,1,0.31666666666666665,3.0,27.566666666666666,15.866666666666667
12,6,1,15.866666666666667,4.0,24.641666666666666,0.8833333333333333
12,6,1,0.8833333333333333,5.0,19.89,0.31666666666666665
12,6,1,0.31666666666666665,6.0,16.627777777777776,0.6
12,6,1,0.6,7.0,14.338095238095239,1.45
12,6,1,1.45,8.0,12.727083333333333,1.1
12,6,1,1.1,9.0,11.435185185185185,5.9
12,6,1,5.9,10.0,10.881666666666666,2.2
12,6,1,2.2,11.0,10.092424242424242,0.36666666666666664
12,6,1,0.36666666666666664,12.0,9.281944444444445,1.7
12,6,1,1.7,13.0,8.698717948717949,0.35
12,6,1,0.35,14.0,8.102380952380953,1.7166666666666666
12,6,1,1.7166666666666666,15.0,7.676666666666667,0.8
12,6,1,0.8,16.0,7.246875,0.5833333333333334
12,6,1,0.5833333333333334,17.0,6.854901960784313,0.9
12,6,1,0.9,18.0,6.524074074074075,6.116666666666666
12,6,1,6.116666666666666,19.0,6.502631578947368,0.31666666666666665
12,6,1,0.31666666666666665,20.0,6.193333333333333,0.5666666666666667
12,6,1,0.5666666666666667,21.0,5.925396825396826,0.35
12,6,1,0.35,22.0,5.671969696969697,0.31666666666666665
12,6,1,0.31666666666666665,23.0,5.4391304347826095,3.1333333333333333
12,6,1,3.1333333333333333,24.0,5.343055555555556,84.28333333333333
14,6,1,84.28333333333333,1.0,84.28333333333333,2.6666666666666665
14,6,1,2.6666666666666665,2.0,43.475,0.8
14,6,1,0.8,3.0,29.25,0.5666666666666667
14,6,1,0.5666666666666667,4.0,22.079166666666666,0.38333333333333336
14,6,1,0.38333333333333336,5.0,17.740000000000002,0.6166666666666667
14,6,1,0.6166666666666667,6.0,14.886111111111111,0.31666666666666665
14,6,1,0.31666666666666665,7.0,12.804761904761904,0.7833333333333333
14,6,1,0.7833333333333333,8.0,11.302083333333334,1.6333333333333333
14,6,1,1.6333333333333333,9.0,10.227777777777778,0.5833333333333334
14,6,1,0.5833333333333334,10.0,9.263333333333332,0.3
14,6,1,0.3,11.0,8.44848484848485,0.3333333333333333
14,6,1,0.3333333333333333,12.0,7.772222222222222,0.48333333333333334
14,6,1,0.48333333333333334,13.0,7.211538461538462,0.4
14,6,1,0.4,14.0,6.725,0.35
14,6,1,0.35,15.0,6.3,0.4
14,6,1,0.4,16.0,5.9312499999999995,0.31666666666666665
14,6,1,0.31666666666666665,17.0,5.600980392156863,0.31666666666666665
14,6,1,0.31666666666666665,18.0,5.307407407407407,0.4666666666666667
14,6,1,0.4666666666666667,19.0,5.052631578947368,0.4
14,6,1,0.4,20.0,4.819999999999999,0.3333333333333333
14,6,1,0.3333333333333333,21.0,4.606349206349206,0.3333333333333333
14,6,1,0.3333333333333333,22.0,4.412121212121212,0.8833333333333333
14,6,1,0.8833333333333333,23.0,4.258695652173913,0.31666666666666665
14,6,1,0.31666666666666665,24.0,4.094444444444444,0.5
14,6,1,0.5,25.0,3.9506666666666668,1.15
14,6,1,1.15,26.0,3.842948717948718,0.3333333333333333
14,6,1,0.3333333333333333,27.0,3.712962962962963,0.4
14,6,1,0.4,28.0,3.594642857142857,0.36666666666666664
14,6,1,0.36666666666666664,29.0,3.4833333333333334,4.616666666666666
14,6,1,4.616666666666666,30.0,3.521111111111111,0.85
14,6,1,0.85,31.0,3.43494623655914,0.5333333333333333
14,6,1,0.5333333333333333,32.0,3.3442708333333333,0.31666666666666665
14,6,1,0.31666666666666665,33.0,3.2525252525252526,0.5833333333333334
14,6,1,0.5833333333333334,34.0,3.1740196078431375,0.3
14,6,1,0.3,35.0,3.091904761904762,0.48333333333333334
14,6,1,0.48333333333333334,36.0,3.0194444444444444,0.4166666666666667
14,6,1,0.4166666666666667,37.0,2.949099099099099,0.31666666666666665
14,6,1,0.31666666666666665,38.0,2.8798245614035087,0.36666666666666664
14,6,1,0.36666666666666664,39.0,2.815384615384615,0.3333333333333333
14,6,1,0.3333333333333333,40.0,2.753333333333333,0.35
14,6,1,0.35,41.0,2.6947154471544716,0.31666666666666665
14,6,1,0.31666666666666665,42.0,2.638095238095238,0.35
14,6,1,0.35,43.0,2.5848837209302324,0.31666666666666665
14,6,1,0.31666666666666665,44.0,2.533333333333333,0.3333333333333333
14,6,1,0.3333333333333333,45.0,2.4844444444444442,0.35
14,6,1,0.35,46.0,2.4380434782608695,0.3333333333333333
14,6,1,0.3333333333333333,47.0,2.393262411347518,0.36666666666666664
14,6,1,0.36666666666666664,48.0,2.3510416666666667,0.36666666666666664
14,6,1,0.36666666666666664,49.0,2.3105442176870747,0.36666666666666664
14,6,1,0.36666666666666664,50.0,2.2716666666666665,0.5833333333333334
14,6,1,0.5833333333333334,51.0,2.2385620915032676,0.31666666666666665
14,6,1,0.31666666666666665,52.0,2.201602564102564,5.983333333333333
14,6,1,5.983333333333333,53.0,2.2729559748427675,0.31666666666666665
14,6,1,0.31666666666666665,54.0,2.2367283950617285,0.38333333333333336
14,6,1,0.38333333333333336,55.0,2.2030303030303027,0.3333333333333333
14,6,1,0.3333333333333333,56.0,2.169642857142857,5.333333333333333
14,6,1,5.333333333333333,57.0,2.225146198830409,1.8
14,6,1,1.8,58.0,2.217816091954023,2.2333333333333334
14,6,1,2.2333333333333334,59.0,2.218079096045198,0.31666666666666665
14,6,1,0.31666666666666665,60.0,2.186388888888889,4.4
15,6,1,4.4,61.0,2.2226775956284155,1.5833333333333333
15,6,1,1.5833333333333333,62.0,2.2123655913978495,0.4666666666666667
15,6,1,0.4666666666666667,63.0,2.1846560846560847,0.9333333333333333
15,6,1,0.9333333333333333,64.0,2.1651041666666666,0.7
15,6,1,0.7,65.0,2.1425641025641022,0.95
15,6,1,0.95,66.0,2.1244949494949497,5.7
15,6,1,5.7,66.0,0.9338383838383838,5.683333333333334
15,6,1,5.683333333333334,60.0,1.0197222222222222,1.85
15,6,1,1.85,57.0,1.0558479532163743,0.43333333333333335
15,6,1,0.43333333333333335,57.0,1.0549707602339182,0.36666666666666664
15,6,1,0.36666666666666664,57.0,1.0543859649122806,0.31666666666666665
15,6,1,0.31666666666666665,57.0,1.0538011695906433,0.4166666666666667
15,6,1,0.4166666666666667,57.0,1.054093567251462,0.45
15,6,1,0.45,57.0,1.0564327485380118,0.7833333333333333
15,6,1,0.7833333333333333,56.0,1.075297619047619,31.85
15,6,1,31.85,19.0,3.2228070175438597,5.583333333333333
15,6,1,5.583333333333333,17.0,3.674509803921569,0.48333333333333334
15,6,1,0.48333333333333334,18.0,3.4972222222222222,1.0166666666666666
16,6,1,1.0166666666666666,19.0,3.3666666666666667,0.7666666666666667
16,6,1,0.7666666666666667,19.0,3.175438596491228,0.6
16,6,1,0.6,20.0,3.046666666666667,0.35
16,6,1,0.35,21.0,2.9182539682539685,0.65
16,6,1,0.65,21.0,2.873809523809524,0.5166666666666667
16,6,1,0.5166666666666667,21.0,2.876190476190476,1.8166666666666667
16,6,1,1.8166666666666667,20.0,3.029166666666667,0.3333333333333333
16,6,1,0.3333333333333333,21.0,2.9007936507936507,1.5333333333333334
16,6,1,1.5333333333333334,21.0,2.928571428571429,18.183333333333334
16,6,1,18.183333333333334,13.0,4.898717948717949,0.36666666666666664
16,6,1,0.36666666666666664,14.0,4.575,20.916666666666668
16,6,1,20.916666666666668,15.0,5.664444444444444,0.7
16,6,1,0.7,16.0,5.354166666666667,0.3333333333333333
16,6,1,0.3333333333333333,17.0,5.0588235294117645,0.95
16,6,1,0.95,18.0,4.830555555555556,0.4
16,6,1,0.4,19.0,4.597368421052632,0.8333333333333334
16,6,1,0.8333333333333334,20.0,4.409166666666667,0.31666666666666665
16,6,1,0.31666666666666665,21.0,4.214285714285714,48.233333333333334
17,6,1,48.233333333333334,8.0,9.085416666666667,0.9
17,6,1,0.9,9.0,8.175925925925927,2.0833333333333335
17,6,1,2.0833333333333335,10.0,7.566666666666667,10.266666666666667
17,6,1,10.266666666666667,4.0,15.370833333333334,1.1333333333333333
17,6,1,1.1333333333333333,5.0,12.523333333333333,0.85
17,6,1,0.85,6.0,10.577777777777778,2.5
17,6,1,2.5,7.0,9.423809523809524,0.4666666666666667
17,6,1,0.4666666666666667,8.0,8.304166666666667,3.2
17,6,1,3.2,9.0,7.737037037037037,5.966666666666667
18,6,1,5.966666666666667,10.0,7.56,7.866666666666666
18,6,1,7.866666666666666,11.0,7.587878787878788,0.8666666666666667
18,6,1,0.8666666666666667,12.0,7.027777777777778,0.4166666666666667
18,6,1,0.4166666666666667,13.0,6.519230769230769,0.6833333333333333
18,6,1,0.6833333333333333,14.0,6.102380952380953,0.31666666666666665
18,6,1,0.31666666666666665,15.0,5.716666666666667,0.6833333333333333
18,6,1,0.6833333333333333,16.0,5.402083333333334,10.083333333333334
18,6,1,10.083333333333334,17.0,5.677450980392157,0.7833333333333333
18,6,1,0.7833333333333333,18.0,5.405555555555555,1.85
18,6,1,1.85,19.0,5.218421052631579,0.38333333333333336
18,6,1,0.38333333333333336,20.0,4.976666666666667,3.45
18,6,1,3.45,21.0,4.903968253968254,0.55
18,6,1,0.55,22.0,4.706060606060606,3.3333333333333335
18,6,1,3.3333333333333335,23.0,4.6463768115942035,13.316666666666666
18,6,1,13.316666666666666,21.0,3.284126984126984,2.433333333333333
18,6,1,2.433333333333333,20.0,3.0,0.35
18,6,1,0.35,21.0,2.873809523809524,2.3333333333333335
18,6,1,2.3333333333333335,21.0,2.9444444444444446,7.3
19,6,1,7.3,19.0,3.3140350877192986,0.31666666666666665
19,6,1,0.31666666666666665,20.0,3.164166666666667,0.3333333333333333
19,6,1,0.3333333333333333,21.0,3.0293650793650793,0.31666666666666665
19,6,1,0.31666666666666665,22.0,2.9060606060606062,8.633333333333333
19,6,1,8.633333333333333,22.0,3.027272727272727,0.9
19,6,1,0.9,23.0,2.9347826086956523,6.516666666666667
19,6,1,6.516666666666667,18.0,3.510185185185185,0.31666666666666665
19,6,1,0.31666666666666665,19.0,3.3421052631578947,3.0
19,6,1,3.0,20.0,3.325,1.4666666666666666
19,6,1,1.4666666666666666,21.0,3.2365079365079366,1.25
19,6,1,1.25,22.0,3.1462121212121215,0.7166666666666667
19,6,1,0.7166666666666667,23.0,3.040579710144928,24.033333333333335
19,6,1,24.033333333333335,16.0,3.763541666666667,14.283333333333333
20,6,1,14.283333333333333,10.0,6.111666666666666,3.4166666666666665
20,6,1,3.4166666666666665,11.0,5.866666666666666,1.9833333333333334
20,6,1,1.9833333333333334,12.0,5.543055555555555,0.31666666666666665
20,6,1,0.31666666666666665,13.0,5.1410256410256405,0.36666666666666664
20,6,1,0.36666666666666664,14.0,4.8,0.3
20,6,1,0.3,15.0,4.5,1.95
20,6,1,1.95,15.0,4.054444444444445,1.7
20,6,1,1.7,15.0,4.107777777777778,0.31666666666666665
20,6,1,0.31666666666666665,16.0,3.8708333333333336,0.31666666666666665
20,6,1,0.31666666666666665,17.0,3.6617647058823533,0.4166666666666667
20,6,1,0.4166666666666667,18.0,3.481481481481482,0.5
20,6,1,0.5,19.0,3.3245614035087723,0.3333333333333333
20,6,1,0.3333333333333333,20.0,3.1750000000000003,0.4166666666666667
20,6,1,0.4166666666666667,21.0,3.043650793650794,0.6
20,6,1,0.6,22.0,2.9325757575757576,0.35
20,6,1,0.35,23.0,2.820289855072464,2.6666666666666665
20,6,1,2.6666666666666665,22.0,2.7590909090909093,1.15
20,6,1,1.15,23.0,2.6891304347826086,2.1166666666666667
20,6,1,2.1166666666666667,23.0,2.6507246376811593,1.7833333333333334
20,6,1,1.7833333333333334,22.0,2.7287878787878785,0.45
20,6,1,0.45,23.0,2.6297101449275364,2.7666666666666666
20,6,1,2.7666666666666666,23.0,2.7188405797101454,0.6833333333333333
20,6,1,0.6833333333333333,24.0,2.634027777777778,0.31666666666666665
20,6,1,0.31666666666666665,25.0,2.5413333333333337,0.45
20,6,1,0.45,26.0,2.460897435897436,0.35
20,6,1,0.35,27.0,2.3827160493827164,0.38333333333333336
20,6,1,0.38333333333333336,28.0,2.311309523809524,1.55
20,6,1,1.55,29.0,2.2850574712643676,1.05
20,6,1,1.05,30.0,2.2438888888888893,1.9333333333333333
20,6,1,1.9333333333333333,31.0,2.2338709677419355,0.3333333333333333
20,6,1,0.3333333333333333,32.0,2.174479166666667,1.45
20,6,1,1.45,33.0,2.1525252525252525,0.31666666666666665
20,6,1,0.31666666666666665,34.0,2.098529411764706,0.5
20,6,1,0.5,35.0,2.052857142857143,1.6666666666666667
20,6,1,1.6666666666666667,36.0,2.0421296296296294,0.6666666666666666
20,6,1,0.6666666666666666,37.0,2.0049549549549552,0.55
20,6,1,0.55,38.0,1.9666666666666668,0.6166666666666667
20,6,1,0.6166666666666667,39.0,1.9320512820512823,0.35
20,6,1,0.35,40.0,1.8925,0.31666666666666665
20,6,1,0.31666666666666665,41.0,1.8540650406504064,0.4
20,6,1,0.4,42.0,1.8194444444444446,0.31666666666666665
20,6,1,0.31666666666666665,43.0,1.7844961240310078,0.31666666666666665
20,6,1,0.31666666666666665,44.0,1.751136363636364,0.31666666666666665
20,6,1,0.31666666666666665,45.0,1.7192592592592595,0.3
20,6,1,0.3,46.0,1.6884057971014494,0.31666666666666665
20,6,1,0.31666666666666665,47.0,1.6592198581560285,0.31666666666666665
20,6,1,0.31666666666666665,48.0,1.6312500000000003,0.3
20,6,1,0.3,49.0,1.6040816326530614,0.31666666666666665
20,6,1,0.31666666666666665,50.0,1.5783333333333334,0.3333333333333333
20,6,1,0.3333333333333333,51.0,1.553921568627451,2.05
20,6,1,2.05,52.0,1.5634615384615387,0.31666666666666665
20,6,1,0.31666666666666665,53.0,1.539937106918239,0.31666666666666665
20,6,1,0.31666666666666665,54.0,1.517283950617284,0.3333333333333333
20,6,1,0.3333333333333333,55.0,1.4957575757575758,0.4
20,6,1,0.4,56.0,1.4761904761904763,0.45
20,6,1,0.45,57.0,1.458187134502924,0.31666666666666665
20,6,1,0.31666666666666665,58.0,1.4385057471264369,0.7666666666666667
20,6,1,0.7666666666666667,58.0,1.0373563218390804,1.4
20,6,1,1.4,59.0,1.043502824858757,0.31666666666666665
20,6,1,0.31666666666666665,60.0,1.031388888888889,0.31666666666666665
20,6,1,0.31666666666666665,61.0,1.019672131147541,0.3333333333333333
20,6,1,0.3333333333333333,62.0,1.0086021505376344,0.6833333333333333
20,6,1,0.6833333333333333,63.0,1.0034391534391536,1.4666666666666666
20,6,1,1.4666666666666666,64.0,1.0106770833333334,0.3333333333333333
20,6,1,0.3333333333333333,65.0,1.0002564102564102,0.3333333333333333
20,6,1,0.3333333333333333,66.0,0.9901515151515151,0.31666666666666665
20,6,1,0.31666666666666665,67.0,0.9800995024875623,0.31666666666666665
20,6,1,0.31666666666666665,68.0,0.970343137254902,0.31666666666666665
20,6,1,0.31666666666666665,69.0,0.9608695652173913,1.1833333333333333
20,6,1,1.1833333333333333,70.0,0.964047619047619,1.25
20,6,1,1.25,71.0,0.968075117370892,0.7333333333333333
20,6,1,0.7333333333333333,72.0,0.9648148148148148,0.31666666666666665
20,6,1,0.31666666666666665,73.0,0.9559360730593607,2.533333333333333
21,6,1,2.533333333333333,74.0,0.9772522522522522,0.31666666666666665
21,6,1,0.31666666666666665,75.0,0.9684444444444443,1.9833333333333334
21,6,1,1.9833333333333334,75.0,0.8044444444444445,1.2333333333333334
21,6,1,1.2333333333333334,76.0,0.8100877192982456,0.31666666666666665
21,6,1,0.31666666666666665,77.0,0.8036796536796537,1.7666666666666666
21,6,1,1.7666666666666666,77.0,0.7822510822510822,0.7
21,6,1,0.7,78.0,0.7811965811965812,0.3333333333333333
21,6,1,0.3333333333333333,79.0,0.7755274261603375,0.3333333333333333
21,6,1,0.3333333333333333,80.0,0.7699999999999999,0.31666666666666665
21,6,1,0.31666666666666665,81.0,0.76440329218107,0.31666666666666665
21,6,1,0.31666666666666665,81.0,0.7438271604938271,0.31666666666666665
21,6,1,0.31666666666666665,81.0,0.7438271604938271,0.31666666666666665
21,6,1,0.31666666666666665,81.0,0.7432098765432098,0.3333333333333333
21,6,1,0.3333333333333333,81.0,0.7436213991769547,0.31666666666666665
21,6,1,0.31666666666666665,82.0,0.7384146341463415,0.3333333333333333
21,6,1,0.3333333333333333,83.0,0.7335341365461847,0.3333333333333333
21,6,1,0.3333333333333333,84.0,0.7287698412698413,0.31666666666666665
21,6,1,0.31666666666666665,85.0,0.7239215686274509,0.3333333333333333
21,6,1,0.3333333333333333,86.0,0.7193798449612403,0.31666666666666665
21,6,1,0.31666666666666665,86.0,0.7003875968992248,0.3333333333333333
21,6,1,0.3333333333333333,87.0,0.6961685823754789,0.6
21,6,1,0.6,88.0,0.6950757575757576,0.5666666666666667
21,6,1,0.5666666666666667,88.0,0.6821969696969697,0.3333333333333333
21,6,1,0.3333333333333333,88.0,0.6823863636363636,0.31666666666666665
21,6,1,0.31666666666666665,88.0,0.6823863636363636,0.31666666666666665
21,6,1,0.31666666666666665,89.0,0.6782771535580524,0.3333333333333333
21,6,1,0.3333333333333333,89.0,0.6773408239700375,0.3333333333333333
21,6,1,0.3333333333333333,89.0,0.6754681647940075,0.43333333333333335
21,6,1,0.43333333333333335,89.0,0.6765917602996254,0.4
21,6,1,0.4,89.0,0.6764044943820224,0.31666666666666665
21,6,1,0.31666666666666665,90.0,0.6724074074074073,0.4
21,6,1,0.4,90.0,0.6701851851851851,0.31666666666666665
21,6,1,0.31666666666666665,90.0,0.6698148148148149,0.35
21,6,1,0.35,91.0,0.6663003663003663,0.31666666666666665
21,6,1,0.31666666666666665,92.0,0.6625,0.45
21,6,1,0.45,93.0,0.6602150537634408,0.3333333333333333
21,6,1,0.3333333333333333,94.0,0.6567375886524823,0.31666666666666665
21,6,1,0.31666666666666665,95.0,0.6531578947368422,0.38333333333333336
21,6,1,0.38333333333333336,96.0,0.6503472222222223,0.48333333333333334
21,6,1,0.48333333333333334,96.0,0.6276041666666666,0.31666666666666665
21,6,1,0.31666666666666665,97.0,0.6243986254295533,0.38333333333333336
21,6,1,0.38333333333333336,98.0,0.621938775510204,0.3333333333333333
21,6,1,0.3333333333333333,98.0,0.6136054421768707,0.5666666666666667
21,6,1,0.5666666666666667,99.0,0.6131313131313131,0.31666666666666665
21,6,1,0.31666666666666665,100.0,0.6101666666666666,0.31666666666666665
21,6,1,0.31666666666666665,101.0,0.6072607260726072,0.31666666666666665
21,6,1,0.31666666666666665,102.0,0.6044117647058823,0.31666666666666665
21,6,1,0.31666666666666665,103.0,0.6016181229773463,4.166666666666667
21,6,1,4.166666666666667,101.0,0.6117161716171617,0.36666666666666664
21,6,1,0.36666666666666664,102.0,0.609313725490196,0.7333333333333333
21,6,1,0.7333333333333333,102.0,0.5893790849673203,0.3
21,6,1,0.3,103.0,0.5865695792880259,0.35
21,6,1,0.35,103.0,0.5833333333333334,0.31666666666666665
21,6,1,0.31666666666666665,103.0,0.5833333333333333,0.31666666666666665
21,6,1,0.31666666666666665,104.0,0.5807692307692307,0.31666666666666665
21,6,1,0.31666666666666665,104.0,0.5794871794871794,0.31666666666666665
21,6,1,0.31666666666666665,104.0,0.5791666666666667,0.31666666666666665
21,6,1,0.31666666666666665,104.0,0.5785256410256411,0.31666666666666665
21,6,1,0.31666666666666665,105.0,0.576031746031746,0.3333333333333333
21,6,1,0.3333333333333333,106.0,0.5737421383647799,0.3333333333333333
21,6,1,0.3333333333333333,107.0,0.5714953271028037,0.6
21,6,1,0.6,107.0,0.5626168224299065,0.31666666666666665
21,6,1,0.31666666666666665,108.0,0.5603395061728395,0.31666666666666665
21,6,1,0.31666666666666665,109.0,0.5581039755351681,0.31666666666666665
21,6,1,0.31666666666666665,109.0,0.5513761467889908,0.31666666666666665
21,6,1,0.31666666666666665,110.0,0.5492424242424242,0.35
21,6,1,0.35,111.0,0.5474474474474474,0.31666666666666665
21,6,1,0.31666666666666665,112.0,0.5453869047619048,0.31666666666666665
21,6,1,0.31666666666666665,113.0,0.5433628318584071,0.3333333333333333
21,6,1,0.3333333333333333,114.0,0.5415204678362573,0.31666666666666665
21,6,1,0.31666666666666665,114.0,0.5273391812865497,0.31666666666666665
21,6,1,0.31666666666666665,114.0,0.5271929824561403,0.31666666666666665
21,6,1,0.31666666666666665,115.0,0.5253623188405797,0.3333333333333333
21,6,1,0.3333333333333333,116.0,0.5237068965517241,0.45
21,6,1,0.45,117.0,0.5230769230769231,0.9666666666666667
21,6,1,0.9666666666666667,116.0,0.5206896551724138,0.38333333333333336
21,6,1,0.38333333333333336,116.0,0.519683908045977,0.31666666666666665
21,6,1,0.31666666666666665,117.0,0.517948717948718,0.85
21,6,1,0.85,118.0,0.5207627118644068,0.6
21,6,1,0.6,118.0,0.5117231638418079,0.5166666666666667
21,6,1,0.5166666666666667,118.0,0.5104519774011299,0.6833333333333333
21,6,1,0.6833333333333333,118.0,0.5115819209039548,0.31666666666666665
21,6,1,0.31666666666666665,118.0,0.5090395480225989,0.31666666666666665
21,6,1,0.31666666666666665,118.0,0.5087570621468926,0.3
21,6,1,0.3,118.0,0.5086158192090395,0.38333333333333336
21,6,1,0.38333333333333336,118.0,0.5084745762711864,0.31666666666666665
21,6,1,0.31666666666666665,118.0,0.5084745762711864,0.31666666666666665
21,6,1,0.31666666666666665,118.0,0.5084745762711864,0.31666666666666665
21,6,1,0.31666666666666665,118.0,0.5084745762711864,0.75
21,6,1,0.75,117.0,0.513960113960114,0.3333333333333333
21,6,1,0.3333333333333333,117.0,0.514102564102564,1.0333333333333334
21,6,1,1.0333333333333334,115.0,0.5237681159420289,0.5166666666666667
21,6,1,0.5166666666666667,116.0,0.5237068965517241,0.35
21,6,1,0.35,117.0,0.5222222222222221,0.4166666666666667
21,6,1,0.4166666666666667,118.0,0.5213276836158192,0.48333333333333334
21,6,1,0.48333333333333334,119.0,0.5210084033613445,0.31666666666666665
21,6,1,0.31666666666666665,119.0,0.5064425770308123,0.31666666666666665
21,6,1,0.31666666666666665,119.0,0.5064425770308123,0.31666666666666665
21,6,1,0.31666666666666665,119.0,0.5064425770308123,0.35
21,6,1,0.35,119.0,0.5065826330532213,0.4
21,6,1,0.4,119.0,0.5065826330532213,2.45
21,6,1,2.45,117.0,0.5230769230769231,0.6
21,6,1,0.6,116.0,0.5179597701149425,0.3333333333333333
21,6,1,0.3333333333333333,116.0,0.5181034482758621,0.3333333333333333
21,6,1,0.3333333333333333,116.0,0.5181034482758621,0.3333333333333333
21,6,1,0.3333333333333333,117.0,0.5165242165242165,0.31666666666666665
21,6,1,0.31666666666666665,117.0,0.5133903133903134,0.35
21,6,1,0.35,118.0,0.512005649717514,0.45
21,6,1,0.45,119.0,0.511484593837535,21.966666666666665
22,6,1,21.966666666666665,82.0,0.7325203252032519,1.05
22,6,1,1.05,81.0,0.744238683127572,1.3166666666666667
22,6,1,1.3166666666666667,78.0,0.772008547008547,2.2333333333333334
22,6,1,2.2333333333333334,73.0,0.8242009132420091,1.8666666666666667
22,6,1,1.8666666666666667,69.0,0.871256038647343,0.31666666666666665
22,6,1,0.31666666666666665,69.0,0.871256038647343,1.3666666666666667
22,6,1,1.3666666666666667,68.0,0.8948529411764706,0.6333333333333333
22,6,1,0.6333333333333333,69.0,0.8910628019323672,0.43333333333333335
22,6,1,0.43333333333333335,70.0,0.8845238095238096,0.3333333333333333
22,6,1,0.3333333333333333,71.0,0.8767605633802817,0.36666666666666664
22,6,1,0.36666666666666664,72.0,0.8696759259259259,0.3333333333333333
22,6,1,0.3333333333333333,73.0,0.8623287671232878,0.3333333333333333
22,6,1,0.3333333333333333,74.0,0.8551801801801803,0.7
22,6,1,0.7,75.0,0.8531111111111112,0.36666666666666664
22,6,1,0.36666666666666664,75.0,0.8024444444444444,0.31666666666666665
22,6,1,0.31666666666666665,75.0,0.8017777777777778,0.31666666666666665
22,6,1,0.31666666666666665,76.0,0.7953947368421052,0.31666666666666665
22,6,1,0.31666666666666665,76.0,0.7899122807017543,0.4166666666666667
22,6,1,0.4166666666666667,76.0,0.7914473684210526,0.35
22,6,1,0.35,76.0,0.7914473684210526,0.31666666666666665
22,6,1,0.31666666666666665,76.0,0.7914473684210526,67.48333333333333
23,6,1,67.48333333333333,1.0,67.48333333333333,2.3
23,6,1,2.3,2.0,34.891666666666666,10.716666666666667
23,6,1,10.716666666666667,3.0,26.833333333333332,3.6333333333333333
23,6,1,3.6333333333333333,4.0,21.033333333333335,6.616666666666666
0,0,0,6.616666666666666,5.0,18.15,0.31666666666666665
0,0,0,0.31666666666666665,6.0,15.177777777777777,0.31666666666666665
0,0,0,0.31666666666666665,7.0,13.054761904761905,0.31666666666666665
0,0,0,0.31666666666666665,8.0,11.4625,0.31666666666666665
0,0,0,0.31666666666666665,9.0,10.224074074074075,100.6
1,0,0,100.6,1.0,100.6,345.03333333333336
7,0,0,345.03333333333336,1.0,345.03333333333336,0.31666666666666665
7,0,0,0.31666666666666665,2.0,172.675,66.75
8,0,0,66.75,1.0,66.75,1.4333333333333333
8,0,0,1.4333333333333333,2.0,34.09166666666667,0.5166666666666667
8,0,0,0.5166666666666667,3.0,22.900000000000002,0.31666666666666665
8,0,0,0.31666666666666665,4.0,17.254166666666666,9.566666666666666
8,0,0,9.566666666666666,5.0,15.716666666666665,0.31666666666666665
8,0,0,0.31666666666666665,6.0,13.15,0.8333333333333334
8,0,0,0.8333333333333334,7.0,11.39047619047619,0.31666666666666665
8,0,0,0.31666666666666665,8.0,10.00625,0.3333333333333333
8,0,0,0.3333333333333333,9.0,8.931481481481482,0.31666666666666665
8,0,0,0.31666666666666665,10.0,8.07,0.3333333333333333
8,0,0,0.3333333333333333,11.0,7.366666666666666,0.4166666666666667
8,0,0,0.4166666666666667,12.0,6.7875000000000005,0.35
8,0,0,0.35,13.0,6.292307692307692,0.31666666666666665
8,0,0,0.31666666666666665,14.0,5.865476190476191,0.35
8,0,0,0.35,15.0,5.497777777777778,1.05
8,0,0,1.05,16.0,5.219791666666667,0.3333333333333333
8,0,0,0.3333333333333333,17.0,4.93235294117647,0.3333333333333333
8,0,0,0.3333333333333333,18.0,4.676851851851852,0.4
8,0,0,0.4,19.0,4.451754385964912,0.4
8,0,0,0.4,20.0,4.2491666666666665,0.3333333333333333
8,0,0,0.3333333333333333,21.0,4.0626984126984125,0.31666666666666665
8,0,0,0.31666666666666665,22.0,3.8924242424242426,0.31666666666666665
8,0,0,0.31666666666666665,23.0,3.7369565217391307,6.15
8,0,0,6.15,24.0,3.8375,0.36666666666666664
9,0,0,0.36666666666666664,25.0,3.6986666666666665,0.3333333333333333
9,0,0,0.3333333333333333,26.0,3.569230769230769,62.31666666666667
10,0,0,62.31666666666667,1.0,62.31666666666667,0.3
10,0,0,0.3,2.0,31.308333333333334,0.95
10,0,0,0.95,3.0,21.18888888888889,1.15
10,0,0,1.15,4.0,16.179166666666667,0.7166666666666667
10,0,0,0.7166666666666667,5.0,13.086666666666668,0.45
10,0,0,0.45,6.0,10.980555555555556,0.35
10,0,0,0.35,7.0,9.461904761904762,0.45
10,0,0,0.45,8.0,8.335416666666667,0.8666666666666667
10,0,0,0.8666666666666667,9.0,7.5055555555555555,14.416666666666666
10,0,0,14.416666666666666,10.0,8.196666666666667,22.45
10,0,0,22.45,11.0,9.492424242424242,7.516666666666667
10,0,0,7.516666666666667,12.0,9.327777777777778,0.36666666666666664
10,0,0,0.36666666666666664,13.0,8.638461538461538,0.7833333333333333
10,0,0,0.7833333333333333,14.0,8.077380952380953,0.3333333333333333
10,0,0,0.3333333333333333,15.0,7.561111111111112,12.2
11,0,0,12.2,11.0,5.471212121212121,2.033333333333333
11,0,0,2.033333333333333,8.0,7.512499999999999,0.65
11,0,0,0.65,9.0,6.749999999999999,1.5666666666666667
11,0,0,1.5666666666666667,10.0,6.2316666666666665,18.216666666666665
11,0,0,18.216666666666665,10.0,6.611666666666666,0.3333333333333333
11,0,0,0.3333333333333333,11.0,6.040909090909091,0.36666666666666664
11,0,0,0.36666666666666664,12.0,5.5680555555555555,0.4166666666666667
11,0,0,0.4166666666666667,13.0,5.171794871794872,0.31666666666666665
11,0,0,0.31666666666666665,14.0,4.825,5.85
11,0,0,5.85,15.0,4.893333333333333,0.85
11,0,0,0.85,16.0,4.640625,14.433333333333334
11,0,0,14.433333333333334,16.0,4.1395833333333325,0.4
11,0,0,0.4,17.0,3.9196078431372543,1.85
11,0,0,1.85,16.0,3.7874999999999996,0.36666666666666664
11,0,0,0.36666666666666664,16.0,3.761458333333333,1.5166666666666666
11,0,0,1.5166666666666666,16.0,3.8354166666666667,45.0
12,0,0,45.0,6.0,10.594444444444443,0.5
12,0,0,0.5,7.0,9.152380952380952,2.566666666666667
12,0,0,2.566666666666667,8.0,8.329166666666666,6.133333333333334
12,0,0,6.133333333333334,9.0,8.085185185185185,0.31666666666666665
