hour,day_of_week,is_weekend,time_since_last,event,events_last_hour,events_last_30min
15,5,1,0.13333333333333333,1,1.0,1.0
15,5,1,1.45,1,2.0,2.0
15,5,1,0.6666666666666666,1,3.0,3.0
15,5,1,8.483333333333333,1,4.0,4.0
15,5,1,0.06666666666666667,1,5.0,5.0
15,5,1,0.13333333333333333,1,6.0,6.0
16,5,1,21.566666666666666,1,7.0,4.0
16,5,1,0.13333333333333333,1,8.0,5.0
16,5,1,26.666666666666668,1,9.0,3.0
16,5,1,1.4,1,9.0,4.0
16,5,1,0.35,1,10.0,5.0
16,5,1,0.6833333333333333,1,10.0,6.0
16,5,1,0.1,1,11.0,7.0
16,5,1,0.08333333333333333,1,12.0,8.0
16,5,1,0.21666666666666667,1,13.0,9.0
16,5,1,0.15,1,13.0,10.0
16,5,1,0.06666666666666667,1,14.0,11.0
16,5,1,0.06666666666666667,1,15.0,12.0
16,5,1,6.166666666666667,1,16.0,11.0
16,5,1,0.11666666666666667,1,17.0,12.0
16,5,1,0.43333333333333335,1,18.0,13.0
16,5,1,0.1,1,19.0,14.0
16,5,1,0.06666666666666667,1,20.0,15.0
16,5,1,0.11666666666666667,1,21.0,16.0
16,5,1,4.916666666666667,1,19.0,17.0
16,5,1,1.0166666666666666,1,20.0,18.0
16,5,1,0.08333333333333333,1,21.0,19.0
17,5,1,0.11666666666666667,1,22.0,20.0
17,5,1,0.06666666666666667,1,23.0,21.0
17,5,1,0.13333333333333333,1,24.0,22.0
17,5,1,0.5333333333333333,1,25.0,23.0
17,5,1,0.05,1,26.0,24.0
17,5,1,0.15,1,27.0,25.0
17,5,1,1.35,1,28.0,26.0
17,5,1,0.08333333333333333,1,29.0,27.0
17,5,1,0.11666666666666667,1,30.0,28.0
17,5,1,0.06666666666666667,1,31.0,29.0
17,5,1,0.08333333333333333,1,32.0,30.0
17,5,1,0.08333333333333333,1,33.0,31.0
17,5,1,0.8,1,34.0,32.0
17,5,1,0.6,1,35.0,33.0
17,5,1,0.05,1,36.0,34.0
17,5,1,0.06666666666666667,1,37.0,35.0
17,5,1,0.06666666666666667,1,38.0,36.0
17,5,1,0.05,1,39.0,37.0
17,5,1,0.08333333333333333,1,40.0,38.0
17,5,1,0.05,1,41.0,39.0
17,5,1,0.3,1,42.0,40.0
17,5,1,0.05,1,43.0,41.0
17,5,1,0.05,1,44.0,42.0
17,5,1,0.08333333333333333,1,45.0,43.0
17,5,1,34.516666666666666,1,44.0,1.0
17,5,1,0.06666666666666667,1,45.0,2.0
17,5,1,0.06666666666666667,1,46.0,3.0
18,5,1,24.166666666666668,1,15.0,4.0
18,5,1,0.06666666666666667,1,16.0,5.0
18,5,1,0.16666666666666666,1,17.0,6.0
18,5,1,0.13333333333333333,1,17.0,7.0
18,5,1,0.05,1,17.0,8.0
18,5,1,0.4,1,13.0,9.0
18,5,1,0.06666666666666667,1,14.0,10.0
18,5,1,1.25,1,11.0,11.0
18,5,1,0.05,1,12.0,12.0
18,5,1,0.38333333333333336,1,13.0,13.0
18,5,1,0.06666666666666667,1,14.0,14.0
18,5,1,3.95,1,15.0,12.0
18,5,1,0.06666666666666667,1,16.0,13.0
18,5,1,2.433333333333333,1,17.0,14.0
18,5,1,0.06666666666666667,1,18.0,15.0
18,5,1,0.08333333333333333,1,19.0,16.0
18,5,1,0.08333333333333333,1,20.0,17.0
18,5,1,0.06666666666666667,1,21.0,18.0
18,5,1,0.15,1,22.0,19.0
18,5,1,0.06666666666666667,1,23.0,20.0
18,5,1,0.05,1,24.0,21.0
18,5,1,2.7,1,25.0,22.0
18,5,1,0.05,1,26.0,23.0
18,5,1,0.06666666666666667,1,27.0,24.0
18,5,1,0.05,1,28.0,25.0
18,5,1,0.85,1,29.0,26.0
18,5,1,0.08333333333333333,1,30.0,27.0
18,5,1,0.35,1,31.0,28.0
18,5,1,0.06666666666666667,1,32.0,29.0
18,5,1,0.23333333333333334,1,33.0,30.0
18,5,1,0.06666666666666667,1,34.0,31.0
18,5,1,0.8833333333333333,1,35.0,32.0
18,5,1,0.06666666666666667,1,36.0,33.0
18,5,1,0.06666666666666667,1,37.0,34.0
18,5,1,1.7833333333333334,1,38.0,35.0
18,5,1,0.05,1,39.0,36.0
18,5,1,0.2,1,40.0,37.0
18,5,1,0.06666666666666667,1,41.0,38.0
18,5,1,1.4166666666666667,1,42.0,39.0
18,5,1,0.5,1,43.0,40.0
18,5,1,0.06666666666666667,1,44.0,41.0
18,5,1,0.06666666666666667,1,45.0,42.0
18,5,1,0.06666666666666667,1,46.0,43.0
18,5,1,0.08333333333333333,1,47.0,44.0
18,5,1,0.05,1,48.0,45.0
18,5,1,0.08333333333333333,1,49.0,46.0
18,5,1,0.05,1,50.0,47.0
18,5,1,0.06666666666666667,1,51.0,48.0
18,5,1,0.06666666666666667,1,52.0,49.0
18,5,1,0.23333333333333334,1,53.0,50.0
18,5,1,0.06666666666666667,1,54.0,51.0
18,5,1,9.7,1,55.0,52.0
18,5,1,0.8,1,56.0,48.0
18,5,1,0.08333333333333333,1,57.0,49.0
18,5,1,0.05,1,58.0,50.0
18,5,1,0.05,1,59.0,51.0
18,5,1,0.7,1,60.0,50.0
18,5,1,0.05,1,61.0,51.0
18,5,1,0.06666666666666667,1,62.0,52.0
18,5,1,0.4,1,63.0,53.0
18,5,1,0.05,1,64.0,54.0
18,5,1,0.06666666666666667,1,65.0,55.0
18,5,1,0.06666666666666667,1,66.0,54.0
18,5,1,0.05,1,67.0,55.0
18,5,1,1.0666666666666667,1,68.0,54.0
18,5,1,0.06666666666666667,1,69.0,55.0
18,5,1,0.05,1,70.0,56.0
18,5,1,0.06666666666666667,1,71.0,57.0
18,5,1,0.06666666666666667,1,72.0,58.0
18,5,1,0.1,1,73.0,59.0
18,5,1,0.06666666666666667,1,74.0,60.0
18,5,1,0.21666666666666667,1,75.0,61.0
18,5,1,0.05,1,76.0,62.0
18,5,1,0.05,1,77.0,63.0
18,5,1,0.06666666666666667,1,78.0,64.0
18,5,1,0.06666666666666667,1,79.0,65.0
18,5,1,0.95,1,80.0,66.0
18,5,1,0.08333333333333333,1,81.0,67.0
18,5,1,0.4,1,82.0,68.0
18,5,1,10.2,1,80.0,46.0
18,5,1,0.06666666666666667,1,81.0,47.0
18,5,1,0.08333333333333333,1,82.0,48.0
18,5,1,0.06666666666666667,1,83.0,49.0
18,5,1,9.866666666666667,1,84.0,33.0
18,5,1,0.08333333333333333,1,85.0,34.0
18,5,1,0.05,1,86.0,35.0
19,5,1,4.516666666666667,1,82.0,35.0
19,5,1,0.06666666666666667,1,83.0,35.0
19,5,1,0.5666666666666667,1,82.0,33.0
19,5,1,0.06666666666666667,1,83.0,34.0
19,5,1,0.06666666666666667,1,84.0,35.0
19,5,1,0.31666666666666665,1,85.0,33.0
19,5,1,0.06666666666666667,1,86.0,34.0
19,5,1,5.016666666666667,1,81.0,15.0
19,5,1,0.06666666666666667,1,82.0,16.0
19,5,1,0.06666666666666667,1,83.0,17.0
19,5,1,0.06666666666666667,1,84.0,18.0
19,5,1,0.2,1,85.0,19.0
19,5,1,0.15,1,86.0,20.0
19,5,1,0.05,1,87.0,21.0
19,5,1,0.15,1,88.0,22.0
19,5,1,0.06666666666666667,1,89.0,23.0
19,5,1,0.6333333333333333,1,90.0,24.0
19,5,1,0.11666666666666667,1,91.0,25.0
19,5,1,0.05,1,92.0,26.0
19,5,1,0.3333333333333333,1,93.0,27.0
19,5,1,0.05,1,94.0,28.0
19,5,1,1.0333333333333334,1,87.0,29.0
19,5,1,0.06666666666666667,1,88.0,30.0
19,5,1,0.2,1,89.0,31.0
19,5,1,0.06666666666666667,1,90.0,32.0
19,5,1,10.25,1,61.0,29.0
19,5,1,0.05,1,62.0,30.0
19,5,1,0.6166666666666667,1,63.0,31.0
19,5,1,0.05,1,64.0,32.0
19,5,1,0.1,1,65.0,33.0
19,5,1,0.08333333333333333,1,66.0,34.0
19,5,1,0.15,1,67.0,35.0
19,5,1,0.06666666666666667,1,68.0,36.0
19,5,1,0.4,1,69.0,37.0
19,5,1,0.1,1,70.0,38.0
19,5,1,0.26666666666666666,1,71.0,39.0
19,5,1,0.08333333333333333,1,72.0,40.0
19,5,1,3.816666666666667,1,73.0,38.0
19,5,1,0.06666666666666667,1,74.0,39.0
19,5,1,0.05,1,75.0,40.0
19,5,1,0.3,1,76.0,41.0
19,5,1,0.06666666666666667,1,77.0,42.0
19,5,1,0.06666666666666667,1,78.0,43.0
19,5,1,0.05,1,79.0,44.0
19,5,1,0.2833333333333333,1,80.0,45.0
19,5,1,0.06666666666666667,1,81.0,46.0
19,5,1,2.0166666666666666,1,82.0,47.0
19,5,1,0.06666666666666667,1,83.0,48.0
19,5,1,0.11666666666666667,1,84.0,49.0
19,5,1,0.3333333333333333,1,85.0,50.0
19,5,1,0.06666666666666667,1,86.0,51.0
19,5,1,0.1,1,87.0,52.0
19,5,1,0.05,1,87.0,53.0
19,5,1,0.06666666666666667,1,88.0,54.0
19,5,1,2.25,1,79.0,48.0
19,5,1,0.06666666666666667,1,79.0,49.0
19,5,1,3.25,1,65.0,50.0
19,5,1,0.06666666666666667,1,66.0,51.0
19,5,1,0.06666666666666667,1,67.0,52.0
19,5,1,0.05,1,67.0,53.0
19,5,1,0.1,1,68.0,54.0
19,5,1,0.05,1,69.0,55.0
19,5,1,0.1,1,70.0,56.0
19,5,1,0.06666666666666667,1,71.0,57.0
19,5,1,0.05,1,72.0,58.0
19,5,1,0.06666666666666667,1,73.0,59.0
19,5,1,0.4166666666666667,1,74.0,60.0
19,5,1,0.06666666666666667,1,75.0,61.0
19,5,1,0.06666666666666667,1,76.0,62.0
19,5,1,0.18333333333333332,1,77.0,61.0
19,5,1,0.15,1,78.0,60.0
19,5,1,1.7833333333333334,1,79.0,51.0
19,5,1,0.06666666666666667,1,80.0,52.0
19,5,1,0.06666666666666667,1,81.0,53.0
19,5,1,0.1,1,82.0,54.0
19,5,1,0.08333333333333333,1,83.0,55.0
19,5,1,0.05,1,84.0,56.0
19,5,1,0.06666666666666667,1,85.0,57.0
19,5,1,0.06666666666666667,1,86.0,58.0
19,5,1,0.06666666666666667,1,87.0,59.0
19,5,1,0.05,1,88.0,60.0
19,5,1,1.3,1,89.0,57.0
19,5,1,0.2,1,90.0,58.0
19,5,1,0.06666666666666667,1,91.0,59.0
19,5,1,0.31666666666666665,1,92.0,60.0
19,5,1,0.06666666666666667,1,93.0,61.0
19,5,1,0.4,1,94.0,62.0
19,5,1,0.06666666666666667,1,95.0,63.0
19,5,1,1.7833333333333334,1,96.0,64.0
19,5,1,0.2,1,97.0,65.0
19,5,1,0.06666666666666667,1,98.0,66.0
19,5,1,0.5166666666666667,1,99.0,67.0
19,5,1,0.05,1,100.0,68.0
19,5,1,0.06666666666666667,1,101.0,69.0
19,5,1,0.06666666666666667,1,102.0,70.0
19,5,1,0.15,1,103.0,71.0
19,5,1,0.06666666666666667,1,104.0,72.0
19,5,1,0.06666666666666667,1,105.0,73.0
19,5,1,0.06666666666666667,1,106.0,74.0
19,5,1,0.05,1,107.0,75.0
19,5,1,0.05,1,108.0,76.0
19,5,1,0.06666666666666667,1,109.0,77.0
19,5,1,0.08333333333333333,1,110.0,78.0
19,5,1,0.05,1,111.0,79.0
19,5,1,0.06666666666666667,1,112.0,80.0
19,5,1,0.05,1,113.0,81.0
19,5,1,0.06666666666666667,1,114.0,82.0
19,5,1,0.4666666666666667,1,114.0,83.0
19,5,1,0.06666666666666667,1,114.0,84.0
19,5,1,0.43333333333333335,1,113.0,85.0
19,5,1,0.06666666666666667,1,114.0,86.0
19,5,1,0.2,1,115.0,87.0
19,5,1,0.08333333333333333,1,116.0,88.0
19,5,1,0.08333333333333333,1,117.0,89.0
19,5,1,0.05,1,118.0,90.0
19,5,1,0.7666666666666667,1,119.0,91.0
19,5,1,0.15,1,120.0,92.0
19,5,1,0.08333333333333333,1,121.0,93.0
19,5,1,0.08333333333333333,1,122.0,94.0
19,5,1,0.06666666666666667,1,123.0,95.0
19,5,1,0.06666666666666667,1,124.0,96.0
19,5,1,0.06666666666666667,1,125.0,97.0
19,5,1,0.06666666666666667,1,126.0,98.0
19,5,1,0.08333333333333333,1,127.0,99.0
19,5,1,0.5,1,128.0,100.0
19,5,1,0.05,1,129.0,101.0
19,5,1,0.06666666666666667,1,130.0,102.0
19,5,1,0.08333333333333333,1,131.0,103.0
19,5,1,0.05,1,132.0,104.0
19,5,1,0.06666666666666667,1,133.0,105.0
19,5,1,0.06666666666666667,1,134.0,106.0
19,5,1,0.9166666666666666,1,135.0,107.0
19,5,1,0.06666666666666667,1,136.0,108.0
19,5,1,0.05,1,137.0,109.0
19,5,1,0.08333333333333333,1,138.0,110.0
19,5,1,0.05,1,139.0,111.0
19,5,1,0.05,1,140.0,111.0
19,5,1,0.08333333333333333,1,141.0,111.0
19,5,1,0.06666666666666667,1,142.0,112.0
19,5,1,0.1,1,143.0,113.0
19,5,1,0.1,1,144.0,114.0
19,5,1,0.06666666666666667,1,145.0,115.0
19,5,1,0.05,1,146.0,116.0
19,5,1,0.06666666666666667,1,147.0,117.0
19,5,1,0.06666666666666667,1,148.0,118.0
19,5,1,0.06666666666666667,1,149.0,118.0
19,5,1,0.1,1,150.0,118.0
19,5,1,0.05,1,151.0,118.0
19,5,1,0.06666666666666667,1,152.0,119.0
19,5,1,0.05,1,153.0,119.0
19,5,1,0.05,1,154.0,120.0
19,5,1,0.08333333333333333,1,155.0,120.0
19,5,1,0.05,1,156.0,120.0
19,5,1,0.08333333333333333,1,157.0,121.0
19,5,1,0.06666666666666667,1,158.0,122.0
19,5,1,0.06666666666666667,1,159.0,123.0
19,5,1,0.06666666666666667,1,160.0,124.0
19,5,1,0.2833333333333333,1,161.0,123.0
19,5,1,0.06666666666666667,1,162.0,124.0
19,5,1,0.05,1,163.0,125.0
19,5,1,0.06666666666666667,1,164.0,126.0
19,5,1,0.6666666666666666,1,165.0,125.0
19,5,1,0.05,1,166.0,126.0
19,5,1,0.06666666666666667,1,167.0,127.0
19,5,1,0.05,1,168.0,128.0
19,5,1,0.06666666666666667,1,169.0,129.0
19,5,1,0.08333333333333333,1,170.0,130.0
19,5,1,1.0833333333333333,1,171.0,131.0
19,5,1,0.1,1,172.0,132.0
19,5,1,0.08333333333333333,1,173.0,133.0
19,5,1,0.06666666666666667,1,174.0,134.0
19,5,1,0.05,1,175.0,135.0
19,5,1,0.1,1,176.0,136.0
19,5,1,0.18333333333333332,1,177.0,137.0
19,5,1,0.06666666666666667,1,178.0,138.0
20,5,1,1.55,1,176.0,136.0
20,5,1,0.06666666666666667,1,177.0,136.0
20,5,1,0.26666666666666666,1,178.0,134.0
20,5,1,0.06666666666666667,1,179.0,135.0
20,5,1,0.5,1,180.0,134.0
20,5,1,0.05,1,181.0,135.0
20,5,1,0.06666666666666667,1,182.0,136.0
20,5,1,0.55,1,183.0,137.0
20,5,1,0.1,1,184.0,138.0
20,5,1,0.05,1,185.0,139.0
20,5,1,0.13333333333333333,1,186.0,140.0
20,5,1,0.06666666666666667,1,187.0,141.0
20,5,1,0.06666666666666667,1,188.0,142.0
20,5,1,0.16666666666666666,1,189.0,143.0
20,5,1,0.05,1,190.0,144.0
20,5,1,0.2,1,191.0,145.0
20,5,1,0.06666666666666667,1,192.0,146.0
20,5,1,0.06666666666666667,1,193.0,147.0
20,5,1,0.06666666666666667,1,194.0,148.0
20,5,1,0.11666666666666667,1,195.0,147.0
20,5,1,0.05,1,196.0,148.0
20,5,1,0.08333333333333333,1,197.0,148.0
20,5,1,3.033333333333333,1,191.0,142.0
20,5,1,0.06666666666666667,1,192.0,143.0
20,5,1,0.7166666666666667,1,193.0,144.0
20,5,1,0.15,1,194.0,145.0
20,5,1,0.06666666666666667,1,195.0,146.0
20,5,1,0.7666666666666667,1,196.0,147.0
20,5,1,0.05,1,197.0,148.0
20,5,1,0.06666666666666667,1,198.0,149.0
20,5,1,0.16666666666666666,1,199.0,150.0
20,5,1,0.06666666666666667,1,200.0,151.0
20,5,1,3.4,1,192.0,137.0
20,5,1,0.08333333333333333,1,193.0,138.0
20,5,1,0.06666666666666667,1,194.0,139.0
20,5,1,0.06666666666666667,1,195.0,140.0
20,5,1,0.06666666666666667,1,196.0,141.0
20,5,1,1.1166666666666667,1,192.0,134.0
20,5,1,0.06666666666666667,1,193.0,134.0
20,5,1,0.11666666666666667,1,194.0,134.0
20,5,1,0.05,1,195.0,135.0
20,5,1,0.06666666666666667,1,196.0,136.0
20,5,1,0.08333333333333333,1,197.0,137.0
20,5,1,0.05,1,198.0,138.0
20,5,1,0.1,1,198.0,139.0
20,5,1,0.06666666666666667,1,198.0,140.0
20,5,1,0.06666666666666667,1,199.0,141.0
20,5,1,0.05,1,200.0,142.0
20,5,1,0.06666666666666667,1,200.0,143.0
20,5,1,0.06666666666666667,1,200.0,144.0
20,5,1,0.08333333333333333,1,201.0,145.0
20,5,1,0.06666666666666667,1,202.0,146.0
20,5,1,0.1,1,203.0,147.0
20,5,1,0.05,1,204.0,148.0
20,5,1,0.06666666666666667,1,205.0,149.0
20,5,1,0.06666666666666667,1,206.0,150.0
20,5,1,0.08333333333333333,1,207.0,151.0
20,5,1,0.26666666666666666,1,208.0,150.0
20,5,1,0.08333333333333333,1,209.0,150.0
20,5,1,0.06666666666666667,1,210.0,151.0
20,5,1,0.06666666666666667,1,211.0,152.0
20,5,1,0.06666666666666667,1,212.0,153.0
20,5,1,23.05,1,182.0,33.0
20,5,1,0.05,1,183.0,34.0
20,5,1,0.7833333333333333,1,184.0,33.0
20,5,1,0.06666666666666667,1,185.0,34.0
20,5,1,0.4,1,184.0,35.0
20,5,1,0.06666666666666667,1,184.0,36.0
20,5,1,0.21666666666666667,1,182.0,37.0
20,5,1,0.1,1,182.0,38.0
20,5,1,0.06666666666666667,1,182.0,39.0
20,5,1,0.08333333333333333,1,181.0,40.0
20,5,1,2.3333333333333335,1,177.0,36.0
20,5,1,0.05,1,178.0,37.0
20,5,1,0.06666666666666667,1,179.0,38.0
20,5,1,2.95,1,165.0,14.0
20,5,1,0.06666666666666667,1,166.0,15.0
21,5,1,38.2,1,16.0,1.0
21,5,1,0.08333333333333333,1,17.0,2.0
21,5,1,0.06666666666666667,1,18.0,3.0
21,5,1,0.06666666666666667,1,19.0,4.0
21,5,1,0.05,1,20.0,5.0
21,5,1,0.06666666666666667,1,21.0,6.0
21,5,1,0.06666666666666667,1,22.0,7.0
21,5,1,0.13333333333333333,1,23.0,8.0
21,5,1,0.05,1,24.0,9.0
21,5,1,0.08333333333333333,1,25.0,10.0
21,5,1,0.2833333333333333,1,26.0,11.0
21,5,1,26.383333333333333,1,12.0,12.0
21,5,1,0.11666666666666667,1,13.0,13.0
21,5,1,0.6833333333333333,1,14.0,14.0
22,5,1,19.683333333333334,1,15.0,4.0
22,5,1,0.06666666666666667,1,16.0,5.0
22,5,1,0.06666666666666667,1,17.0,6.0
22,5,1,0.21666666666666667,1,18.0,7.0
22,5,1,0.08333333333333333,1,19.0,8.0
22,5,1,27.216666666666665,1,9.0,6.0
22,5,1,0.06666666666666667,1,10.0,7.0
22,5,1,0.06666666666666667,1,11.0,8.0
22,5,1,0.06666666666666667,1,12.0,9.0
22,5,1,0.06666666666666667,1,13.0,10.0
22,5,1,0.05,1,14.0,11.0
22,5,1,0.26666666666666666,1,15.0,12.0
22,5,1,0.05,1,16.0,13.0
22,5,1,0.5,1,17.0,14.0
22,5,1,0.05,1,18.0,15.0
22,5,1,0.06666666666666667,1,19.0,16.0
22,5,1,0.06666666666666667,1,20.0,17.0
22,5,1,0.95,1,21.0,18.0
22,5,1,0.55,1,22.0,14.0
22,5,1,0.06666666666666667,1,23.0,15.0
22,5,1,0.06666666666666667,1,24.0,16.0
22,5,1,0.05,1,25.0,17.0
22,5,1,0.9,1,26.0,18.0
22,5,1,0.06666666666666667,1,27.0,19.0
22,5,1,0.06666666666666667,1,28.0,20.0
22,5,1,0.06666666666666667,1,29.0,21.0
22,5,1,0.06666666666666667,1,30.0,22.0
22,5,1,0.06666666666666667,1,31.0,23.0
22,5,1,0.05,1,32.0,24.0
22,5,1,0.08333333333333333,1,33.0,25.0
22,5,1,0.06666666666666667,1,34.0,26.0
22,5,1,0.08333333333333333,1,35.0,27.0
22,5,1,0.06666666666666667,1,36.0,28.0
22,5,1,0.05,1,37.0,29.0
22,5,1,0.06666666666666667,1,38.0,30.0
22,5,1,0.15,1,39.0,31.0
22,5,1,0.08333333333333333,1,40.0,32.0
22,5,1,0.08333333333333333,1,41.0,33.0
22,5,1,0.6166666666666667,1,42.0,34.0
22,5,1,0.6166666666666667,1,43.0,35.0
22,5,1,0.05,1,44.0,36.0
22,5,1,0.06666666666666667,1,45.0,37.0
22,5,1,0.06666666666666667,1,46.0,38.0
22,5,1,0.08333333333333333,1,47.0,39.0
22,5,1,0.16666666666666666,1,48.0,40.0
22,5,1,0.05,1,49.0,41.0
22,5,1,0.06666666666666667,1,50.0,42.0
22,5,1,0.05,1,51.0,43.0
22,5,1,0.06666666666666667,1,52.0,44.0
22,5,1,0.08333333333333333,1,53.0,45.0
22,5,1,0.06666666666666667,1,54.0,46.0
22,5,1,0.05,1,55.0,47.0
22,5,1,0.08333333333333333,1,56.0,48.0
22,5,1,0.08333333333333333,1,57.0,49.0
22,5,1,0.05,1,58.0,50.0
22,5,1,0.1,1,59.0,51.0
22,5,1,0.1,1,60.0,52.0
22,5,1,0.06666666666666667,1,61.0,53.0
22,5,1,0.05,1,62.0,54.0
22,5,1,0.06666666666666667,1,63.0,55.0
22,5,1,0.06666666666666667,1,64.0,56.0
22,5,1,0.18333333333333332,1,65.0,57.0
22,5,1,0.06666666666666667,1,66.0,58.0
22,5,1,0.08333333333333333,1,67.0,59.0
22,5,1,0.06666666666666667,1,68.0,60.0
22,5,1,0.08333333333333333,1,69.0,61.0
22,5,1,0.1,1,70.0,62.0
22,5,1,0.08333333333333333,1,71.0,63.0
22,5,1,0.08333333333333333,1,72.0,64.0
22,5,1,0.06666666666666667,1,73.0,65.0
22,5,1,0.06666666666666667,1,74.0,66.0
22,5,1,0.65,1,75.0,67.0
22,5,1,0.05,1,76.0,68.0
22,5,1,0.06666666666666667,1,77.0,69.0
22,5,1,0.1,1,78.0,70.0
22,5,1,0.05,1,79.0,71.0
22,5,1,0.1,1,80.0,72.0
22,5,1,0.05,1,81.0,73.0
22,5,1,1.6833333333333333,1,82.0,74.0
22,5,1,0.05,1,83.0,75.0
22,5,1,0.1,1,84.0,76.0
22,5,1,0.06666666666666667,1,85.0,77.0
22,5,1,0.06666666666666667,1,86.0,78.0
22,5,1,0.1,1,87.0,79.0
22,5,1,0.05,1,88.0,80.0
22,5,1,0.08333333333333333,1,88.0,81.0
22,5,1,0.06666666666666667,1,88.0,82.0
22,5,1,0.06666666666666667,1,89.0,83.0
22,5,1,0.05,1,90.0,84.0
22,5,1,0.08333333333333333,1,91.0,85.0
22,5,1,0.05,1,92.0,86.0
22,5,1,0.06666666666666667,1,93.0,87.0
22,5,1,0.26666666666666666,1,94.0,88.0
22,5,1,0.05,1,95.0,89.0
22,5,1,0.06666666666666667,1,95.0,90.0
22,5,1,0.06666666666666667,1,96.0,91.0
22,5,1,0.06666666666666667,1,97.0,92.0
22,5,1,0.05,1,98.0,93.0
22,5,1,0.06666666666666667,1,99.0,94.0
22,5,1,0.05,1,100.0,95.0
22,5,1,0.5333333333333333,1,101.0,96.0
22,5,1,0.1,1,102.0,97.0
22,5,1,0.21666666666666667,1,103.0,98.0
22,5,1,0.08333333333333333,1,104.0,99.0
22,5,1,0.9666666666666667,1,105.0,100.0
22,5,1,0.05,1,106.0,101.0
22,5,1,0.06666666666666667,1,107.0,102.0
22,5,1,0.08333333333333333,1,108.0,103.0
22,5,1,0.1,1,109.0,104.0
22,5,1,0.05,1,110.0,105.0
22,5,1,0.05,1,111.0,106.0
22,5,1,0.06666666666666667,1,112.0,107.0
22,5,1,0.05,1,113.0,108.0
22,5,1,0.38333333333333336,1,114.0,109.0
22,5,1,0.1,1,115.0,110.0
22,5,1,0.05,1,116.0,111.0
22,5,1,0.11666666666666667,1,117.0,112.0
22,5,1,0.06666666666666667,1,118.0,113.0
22,5,1,0.06666666666666667,1,119.0,114.0
22,5,1,0.9333333333333333,1,120.0,115.0
22,5,1,0.25,1,121.0,116.0
22,5,1,0.06666666666666667,1,122.0,117.0
22,5,1,0.06666666666666667,1,123.0,118.0
22,5,1,0.06666666666666667,1,124.0,119.0
22,5,1,0.3,1,125.0,120.0
22,5,1,0.06666666666666667,1,126.0,121.0
22,5,1,0.08333333333333333,1,127.0,122.0
22,5,1,0.06666666666666667,1,128.0,123.0
22,5,1,0.05,1,129.0,124.0
22,5,1,0.08333333333333333,1,130.0,125.0
22,5,1,1.0833333333333333,1,131.0,126.0
22,5,1,0.06666666666666667,1,132.0,127.0
22,5,1,0.8666666666666667,1,133.0,128.0
22,5,1,0.08333333333333333,1,134.0,129.0
22,5,1,0.1,1,135.0,130.0
22,5,1,0.45,1,136.0,131.0
23,5,1,0.2833333333333333,1,137.0,132.0
23,5,1,0.7,1,138.0,133.0
23,5,1,0.06666666666666667,1,139.0,134.0
23,5,1,0.5,1,140.0,135.0
23,5,1,0.06666666666666667,1,141.0,136.0
23,5,1,0.06666666666666667,1,142.0,137.0
23,5,1,0.05,1,143.0,138.0
23,5,1,0.9833333333333333,1,144.0,139.0
23,5,1,0.05,1,145.0,140.0
23,5,1,0.35,1,146.0,141.0
23,5,1,0.06666666666666667,1,147.0,142.0
23,5,1,0.06666666666666667,1,148.0,143.0
23,5,1,0.9,1,149.0,144.0
23,5,1,0.06666666666666667,1,150.0,145.0
23,5,1,35.266666666666666,1,140.0,1.0
23,5,1,0.06666666666666667,1,141.0,2.0
23,5,1,0.05,1,142.0,3.0
1,6,1,96.4,1,1.0,1.0
1,6,1,0.06666666666666667,1,2.0,2.0
1,6,1,0.06666666666666667,1,3.0,3.0
1,6,1,3.3666666666666667,1,4.0,4.0
1,6,1,0.08333333333333333,1,5.0,5.0
1,6,1,0.18333333333333332,1,6.0,6.0
1,6,1,0.05,1,7.0,7.0
1,6,1,4.15,1,8.0,8.0
1,6,1,0.06666666666666667,1,9.0,9.0
1,6,1,0.15,1,10.0,10.0
1,6,1,0.1,1,11.0,11.0
1,6,1,3.216666666666667,1,12.0,12.0
1,6,1,0.06666666666666667,1,13.0,13.0
1,6,1,1.4333333333333333,1,14.0,14.0
1,6,1,0.05,1,15.0,15.0
1,6,1,0.05,1,16.0,16.0
1,6,1,0.05,1,17.0,17.0
1,6,1,0.08333333333333333,1,18.0,18.0
1,6,1,0.08333333333333333,1,19.0,19.0
1,6,1,0.05,1,20.0,20.0
1,6,1,0.1,1,21.0,21.0
1,6,1,1.7,1,22.0,22.0
1,6,1,0.11666666666666667,1,23.0,23.0
1,6,1,0.11666666666666667,1,24.0,24.0
1,6,1,0.05,1,25.0,25.0
1,6,1,0.1,1,26.0,26.0
1,6,1,0.05,1,27.0,27.0
1,6,1,0.08333333333333333,1,28.0,28.0
1,6,1,0.11666666666666667,1,29.0,29.0
1,6,1,0.31666666666666665,1,30.0,30.0
1,6,1,0.1,1,31.0,31.0
1,6,1,0.06666666666666667,1,32.0,32.0
1,6,1,0.06666666666666667,1,33.0,33.0
1,6,1,0.06666666666666667,1,34.0,34.0
1,6,1,0.06666666666666667,1,35.0,35.0
1,6,1,0.18333333333333332,1,36.0,36.0
1,6,1,0.08333333333333333,1,37.0,37.0
1,6,1,0.25,1,38.0,38.0
1,6,1,0.06666666666666667,1,39.0,39.0
1,6,1,0.05,1,40.0,40.0
1,6,1,2.9,1,41.0,41.0
1,6,1,0.16666666666666666,1,42.0,42.0
1,6,1,1.5833333333333333,1,43.0,43.0
1,6,1,0.06666666666666667,1,44.0,44.0
1,6,1,1.0833333333333333,1,45.0,45.0
1,6,1,0.05,1,46.0,46.0
1,6,1,0.5333333333333333,1,47.0,47.0
1,6,1,0.05,1,48.0,48.0
1,6,1,0.2,1,49.0,49.0
1,6,1,0.05,1,50.0,50.0
1,6,1,0.85,1,51.0,51.0
1,6,1,0.06666666666666667,1,52.0,52.0
2,6,1,44.3,1,42.0,1.0
2,6,1,0.05,1,43.0,2.0
2,6,1,0.06666666666666667,1,44.0,3.0
2,6,1,7.65,1,19.0,4.0
2,6,1,0.31666666666666665,1,18.0,5.0
2,6,1,1.1666666666666667,1,18.0,6.0
2,6,1,0.06666666666666667,1,19.0,7.0
3,6,1,55.916666666666664,1,5.0,1.0
3,6,1,0.05,1,6.0,2.0
3,6,1,0.08333333333333333,1,7.0,3.0
8,6,1,290.21666666666664,1,1.0,1.0
8,6,1,0.06666666666666667,1,2.0,2.0
8,6,1,0.05,1,3.0,3.0
9,6,1,89.71666666666667,1,1.0,1.0
9,6,1,0.08333333333333333,1,2.0,2.0
9,6,1,0.08333333333333333,1,3.0,3.0
9,6,1,0.08333333333333333,1,4.0,4.0
9,6,1,0.06666666666666667,1,5.0,5.0
9,6,1,0.08333333333333333,1,6.0,6.0
9,6,1,0.06666666666666667,1,7.0,7.0
9,6,1,0.06666666666666667,1,8.0,8.0
10,6,1,21.166666666666668,1,9.0,9.0
10,6,1,0.06666666666666667,1,10.0,10.0
10,6,1,0.7666666666666667,1,11.0,11.0
10,6,1,0.11666666666666667,1,12.0,12.0
10,6,1,0.16666666666666666,1,13.0,13.0
10,6,1,0.08333333333333333,1,14.0,14.0
10,6,1,1.4,1,15.0,15.0
10,6,1,0.08333333333333333,1,16.0,16.0
10,6,1,0.06666666666666667,1,17.0,17.0
10,6,1,0.05,1,18.0,18.0
10,6,1,0.08333333333333333,1,19.0,19.0
10,6,1,0.08333333333333333,1,20.0,20.0
10,6,1,0.65,1,21.0,21.0
10,6,1,0.15,1,22.0,22.0
10,6,1,0.21666666666666667,1,23.0,23.0
10,6,1,0.11666666666666667,1,24.0,24.0
10,6,1,0.08333333333333333,1,25.0,25.0
10,6,1,0.08333333333333333,1,26.0,26.0
10,6,1,0.06666666666666667,1,27.0,27.0
10,6,1,0.06666666666666667,1,28.0,28.0
10,6,1,0.16666666666666666,1,29.0,29.0
10,6,1,0.06666666666666667,1,30.0,30.0
10,6,1,0.7166666666666667,1,31.0,31.0
10,6,1,0.05,1,32.0,32.0
10,6,1,0.08333333333333333,1,33.0,33.0
10,6,1,0.31666666666666665,1,34.0,34.0
10,6,1,0.06666666666666667,1,35.0,35.0
10,6,1,0.4666666666666667,1,36.0,36.0
10,6,1,0.06666666666666667,1,37.0,37.0
10,6,1,2.283333333333333,1,38.0,33.0
10,6,1,0.06666666666666667,1,39.0,33.0
10,6,1,0.06666666666666667,1,40.0,33.0
10,6,1,0.5,1,41.0,33.0
10,6,1,0.06666666666666667,1,42.0,34.0
10,6,1,35.88333333333333,1,35.0,1.0
10,6,1,0.06666666666666667,1,36.0,2.0
10,6,1,0.06666666666666667,1,37.0,3.0
10,6,1,1.3333333333333333,1,38.0,4.0
10,6,1,0.06666666666666667,1,39.0,5.0
10,6,1,0.06666666666666667,1,40.0,6.0
10,6,1,0.06666666666666667,1,41.0,7.0
10,6,1,0.06666666666666667,1,42.0,8.0
10,6,1,0.06666666666666667,1,43.0,9.0
10,6,1,0.26666666666666666,1,44.0,10.0
10,6,1,0.05,1,45.0,11.0
10,6,1,0.05,1,46.0,12.0
10,6,1,0.06666666666666667,1,47.0,13.0
10,6,1,0.06666666666666667,1,48.0,14.0
10,6,1,0.1,1,49.0,15.0
10,6,1,0.05,1,50.0,16.0
11,6,1,4.083333333333333,1,51.0,17.0
11,6,1,0.06666666666666667,1,52.0,18.0
11,6,1,0.18333333333333332,1,53.0,19.0
11,6,1,6.883333333333334,1,54.0,20.0
11,6,1,0.4166666666666667,1,55.0,21.0
11,6,1,0.26666666666666666,1,56.0,22.0
11,6,1,0.06666666666666667,1,57.0,23.0
11,6,1,0.2833333333333333,1,58.0,24.0
11,6,1,0.06666666666666667,1,58.0,25.0
11,6,1,0.05,1,58.0,26.0
11,6,1,0.2833333333333333,1,59.0,27.0
11,6,1,0.08333333333333333,1,60.0,28.0
11,6,1,9.25,1,29.0,29.0
11,6,1,0.06666666666666667,1,30.0,30.0
11,6,1,0.06666666666666667,1,31.0,31.0
11,6,1,0.9666666666666667,1,32.0,32.0
11,6,1,0.3,1,33.0,33.0
11,6,1,1.5,1,34.0,34.0
11,6,1,1.2833333333333334,1,35.0,35.0
11,6,1,0.06666666666666667,1,36.0,36.0
11,6,1,5.95,1,37.0,21.0
11,6,1,0.06666666666666667,1,38.0,22.0
11,6,1,0.3,1,39.0,23.0
11,6,1,0.13333333333333333,1,40.0,24.0
11,6,1,1.1833333333333333,1,41.0,25.0
11,6,1,0.18333333333333332,1,42.0,26.0
11,6,1,0.06666666666666667,1,43.0,26.0
11,6,1,3.3,1,44.0,25.0
11,6,1,0.06666666666666667,1,45.0,26.0
11,6,1,0.18333333333333332,1,46.0,27.0
11,6,1,0.13333333333333333,1,47.0,28.0
11,6,1,0.18333333333333332,1,48.0,29.0
11,6,1,0.06666666666666667,1,49.0,30.0
11,6,1,0.05,1,50.0,31.0
11,6,1,0.6333333333333333,1,51.0,32.0
11,6,1,0.06666666666666667,1,52.0,33.0
11,6,1,0.08333333333333333,1,53.0,34.0
11,6,1,0.06666666666666667,1,54.0,35.0
11,6,1,0.06666666666666667,1,55.0,36.0
12,6,1,31.833333333333332,1,37.0,1.0
12,6,1,0.08333333333333333,1,38.0,2.0
12,6,1,0.05,1,39.0,3.0
12,6,1,0.06666666666666667,1,40.0,4.0
12,6,1,3.55,1,32.0,5.0
12,6,1,0.06666666666666667,1,33.0,6.0
12,6,1,0.06666666666666667,1,34.0,7.0
12,6,1,0.06666666666666667,1,35.0,8.0
12,6,1,5.166666666666667,1,36.0,9.0
12,6,1,0.06666666666666667,1,37.0,10.0
12,6,1,4.8,1,33.0,11.0
12,6,1,1.8333333333333333,1,31.0,12.0
12,6,1,0.05,1,32.0,13.0
12,6,1,0.13333333333333333,1,33.0,14.0
12,6,1,0.11666666666666667,1,34.0,15.0
12,6,1,0.06666666666666667,1,35.0,16.0
12,6,1,0.3333333333333333,1,36.0,17.0
12,6,1,0.06666666666666667,1,37.0,18.0
12,6,1,0.06666666666666667,1,38.0,19.0
12,6,1,0.16666666666666666,1,39.0,20.0
12,6,1,0.06666666666666667,1,40.0,21.0
12,6,1,0.05,1,41.0,22.0
12,6,1,0.31666666666666665,1,42.0,23.0
12,6,1,0.7833333333333333,1,43.0,24.0
12,6,1,0.9333333333333333,1,44.0,25.0
12,6,1,0.05,1,45.0,26.0
12,6,1,1.3833333333333333,1,46.0,27.0
12,6,1,0.08333333333333333,1,47.0,28.0
12,6,1,0.11666666666666667,1,48.0,29.0
12,6,1,0.05,1,49.0,30.0
12,6,1,4.716666666666667,1,43.0,31.0
12,6,1,0.9,1,44.0,32.0
12,6,1,0.06666666666666667,1,45.0,33.0
12,6,1,0.1,1,46.0,34.0
12,6,1,1.5666666666666667,1,38.0,35.0
12,6,1,0.06666666666666667,1,38.0,36.0
12,6,1,0.21666666666666667,1,37.0,37.0
12,6,1,0.06666666666666667,1,38.0,38.0
12,6,1,0.05,1,39.0,39.0
12,6,1,0.4166666666666667,1,40.0,40.0
12,6,1,0.06666666666666667,1,41.0,41.0
12,6,1,0.08333333333333333,1,42.0,42.0
12,6,1,0.06666666666666667,1,43.0,43.0
12,6,1,0.06666666666666667,1,44.0,44.0
12,6,1,0.2,1,45.0,45.0
12,6,1,0.06666666666666667,1,46.0,46.0
12,6,1,0.31666666666666665,1,47.0,47.0
12,6,1,0.25,1,48.0,48.0
12,6,1,0.06666666666666667,1,49.0,48.0
12,6,1,0.06666666666666667,1,50.0,49.0
12,6,1,0.21666666666666667,1,51.0,47.0
12,6,1,0.06666666666666667,1,52.0,48.0
12,6,1,0.26666666666666666,1,53.0,49.0
12,6,1,0.6333333333333333,1,54.0,50.0
12,6,1,0.1,1,55.0,51.0
12,6,1,0.06666666666666667,1,56.0,52.0
12,6,1,0.11666666666666667,1,57.0,53.0
12,6,1,0.15,1,58.0,54.0
12,6,1,0.2,1,59.0,55.0
12,6,1,0.16666666666666666,1,60.0,56.0
12,6,1,0.6666666666666666,1,61.0,57.0
12,6,1,0.9833333333333333,1,62.0,58.0
12,6,1,0.08333333333333333,1,63.0,58.0
12,6,1,0.5166666666666667,1,64.0,56.0
12,6,1,0.08333333333333333,1,65.0,57.0
12,6,1,0.05,1,66.0,58.0
12,6,1,1.9,1,67.0,59.0
12,6,1,0.06666666666666667,1,68.0,60.0
12,6,1,2.566666666666667,1,69.0,61.0
12,6,1,0.06666666666666667,1,70.0,62.0
12,6,1,0.05,1,71.0,63.0
12,6,1,0.06666666666666667,1,72.0,63.0
12,6,1,0.35,1,73.0,63.0
12,6,1,0.15,1,74.0,64.0
12,6,1,0.05,1,75.0,65.0
12,6,1,0.2,1,76.0,66.0
12,6,1,0.06666666666666667,1,77.0,67.0
12,6,1,0.05,1,78.0,68.0
12,6,1,0.06666666666666667,1,79.0,69.0
12,6,1,0.23333333333333334,1,80.0,70.0
12,6,1,0.06666666666666667,1,81.0,71.0
12,6,1,0.06666666666666667,1,82.0,72.0
12,6,1,1.05,1,83.0,73.0
12,6,1,0.7166666666666667,1,84.0,74.0
12,6,1,0.13333333333333333,1,85.0,75.0
12,6,1,0.16666666666666666,1,86.0,76.0
12,6,1,0.9833333333333333,1,87.0,77.0
12,6,1,0.1,1,88.0,78.0
12,6,1,0.16666666666666666,1,89.0,79.0
12,6,1,0.05,1,90.0,80.0
12,6,1,4.683333333333334,1,91.0,67.0
12,6,1,0.13333333333333333,1,92.0,68.0
13,6,1,4.8,1,93.0,63.0
13,6,1,0.9,1,94.0,64.0
13,6,1,0.31666666666666665,1,95.0,65.0
13,6,1,9.216666666666667,1,90.0,33.0
13,6,1,0.06666666666666667,1,90.0,34.0
13,6,1,0.06666666666666667,1,90.0,35.0
13,6,1,0.18333333333333332,1,91.0,36.0
13,6,1,0.06666666666666667,1,92.0,37.0
13,6,1,0.11666666666666667,1,93.0,37.0
13,6,1,0.06666666666666667,1,94.0,36.0
13,6,1,0.06666666666666667,1,95.0,37.0
13,6,1,0.1,1,96.0,38.0
13,6,1,0.13333333333333333,1,97.0,39.0
13,6,1,0.06666666666666667,1,98.0,40.0
13,6,1,0.1,1,99.0,41.0
13,6,1,0.11666666666666667,1,100.0,42.0
13,6,1,0.08333333333333333,1,101.0,43.0
13,6,1,0.05,1,102.0,44.0
13,6,1,0.06666666666666667,1,103.0,45.0
13,6,1,0.06666666666666667,1,104.0,46.0
13,6,1,0.05,1,105.0,47.0
13,6,1,0.06666666666666667,1,106.0,48.0
13,6,1,0.15,1,107.0,49.0
13,6,1,0.06666666666666667,1,108.0,50.0
13,6,1,0.08333333333333333,1,109.0,51.0
13,6,1,0.06666666666666667,1,110.0,52.0
13,6,1,0.05,1,111.0,53.0
13,6,1,0.06666666666666667,1,112.0,54.0
13,6,1,0.8,1,113.0,53.0
13,6,1,0.11666666666666667,1,114.0,54.0
13,6,1,0.05,1,115.0,55.0
13,6,1,0.08333333333333333,1,116.0,56.0
13,6,1,0.06666666666666667,1,117.0,57.0
13,6,1,0.06666666666666667,1,118.0,58.0
13,6,1,0.06666666666666667,1,119.0,59.0
13,6,1,0.1,1,120.0,60.0
13,6,1,0.4166666666666667,1,121.0,61.0
13,6,1,0.08333333333333333,1,122.0,62.0
13,6,1,0.26666666666666666,1,123.0,63.0
13,6,1,0.18333333333333332,1,124.0,64.0
13,6,1,0.06666666666666667,1,125.0,65.0
13,6,1,0.3,1,126.0,66.0
13,6,1,0.08333333333333333,1,127.0,67.0
13,6,1,0.8833333333333333,1,126.0,63.0
13,6,1,0.05,1,127.0,64.0
13,6,1,0.9166666666666666,1,128.0,56.0
13,6,1,0.4166666666666667,1,129.0,57.0
13,6,1,0.05,1,130.0,58.0
13,6,1,2.0833333333333335,1,131.0,55.0
13,6,1,0.06666666666666667,1,132.0,56.0
13,6,1,0.13333333333333333,1,133.0,57.0
13,6,1,0.06666666666666667,1,134.0,58.0
13,6,1,0.08333333333333333,1,135.0,59.0
13,6,1,0.05,1,136.0,60.0
13,6,1,0.15,1,137.0,60.0
13,6,1,0.06666666666666667,1,138.0,60.0
13,6,1,0.06666666666666667,1,139.0,61.0
13,6,1,0.1,1,140.0,60.0
13,6,1,0.06666666666666667,1,141.0,61.0
13,6,1,0.08333333333333333,1,142.0,62.0
13,6,1,0.5333333333333333,1,142.0,63.0
13,6,1,0.05,1,143.0,64.0
13,6,1,0.06666666666666667,1,144.0,65.0
13,6,1,0.05,1,145.0,66.0
13,6,1,0.06666666666666667,1,146.0,67.0
13,6,1,0.05,1,147.0,68.0
13,6,1,0.06666666666666667,1,148.0,69.0
13,6,1,0.06666666666666667,1,149.0,70.0
13,6,1,0.05,1,150.0,71.0
13,6,1,0.06666666666666667,1,151.0,72.0
13,6,1,0.13333333333333333,1,152.0,73.0
13,6,1,0.06666666666666667,1,153.0,74.0
13,6,1,0.06666666666666667,1,154.0,75.0
13,6,1,0.06666666666666667,1,155.0,76.0
13,6,1,0.06666666666666667,1,156.0,77.0
13,6,1,0.06666666666666667,1,157.0,78.0
13,6,1,0.06666666666666667,1,158.0,79.0
13,6,1,0.2,1,159.0,80.0
13,6,1,0.06666666666666667,1,159.0,81.0
13,6,1,0.1,1,159.0,82.0
13,6,1,0.06666666666666667,1,159.0,83.0
13,6,1,0.05,1,160.0,84.0
13,6,1,0.05,1,161.0,85.0
13,6,1,0.2833333333333333,1,160.0,86.0
13,6,1,0.36666666666666664,1,158.0,87.0
13,6,1,0.1,1,158.0,88.0
13,6,1,4.233333333333333,1,149.0,87.0
13,6,1,0.1,1,150.0,88.0
13,6,1,0.06666666666666667,1,151.0,89.0
13,6,1,0.06666666666666667,1,152.0,90.0
13,6,1,0.1,1,153.0,91.0
13,6,1,0.06666666666666667,1,154.0,92.0
13,6,1,0.5666666666666667,1,155.0,93.0
13,6,1,0.06666666666666667,1,156.0,94.0
13,6,1,0.3333333333333333,1,157.0,95.0
13,6,1,0.06666666666666667,1,158.0,96.0
13,6,1,0.18333333333333332,1,159.0,97.0
13,6,1,0.05,1,160.0,98.0
13,6,1,0.06666666666666667,1,161.0,99.0
13,6,1,0.05,1,162.0,100.0
13,6,1,0.08333333333333333,1,163.0,101.0
13,6,1,0.1,1,164.0,102.0
13,6,1,0.08333333333333333,1,165.0,103.0
13,6,1,0.05,1,166.0,104.0
13,6,1,0.15,1,167.0,105.0
13,6,1,0.06666666666666667,1,168.0,106.0
13,6,1,0.05,1,169.0,106.0
13,6,1,0.1,1,170.0,107.0
13,6,1,0.05,1,171.0,108.0
13,6,1,0.06666666666666667,1,172.0,109.0
13,6,1,0.08333333333333333,1,173.0,110.0
13,6,1,0.1,1,174.0,111.0
13,6,1,0.06666666666666667,1,175.0,112.0
13,6,1,0.08333333333333333,1,176.0,113.0
13,6,1,0.06666666666666667,1,177.0,114.0
13,6,1,0.06666666666666667,1,178.0,115.0
13,6,1,0.05,1,179.0,116.0
13,6,1,0.05,1,180.0,117.0
13,6,1,0.06666666666666667,1,181.0,118.0
13,6,1,0.16666666666666666,1,182.0,118.0
13,6,1,0.13333333333333333,1,183.0,119.0
13,6,1,0.05,1,184.0,119.0
13,6,1,0.1,1,185.0,120.0
13,6,1,0.06666666666666667,1,186.0,121.0
13,6,1,0.08333333333333333,1,187.0,122.0
13,6,1,0.06666666666666667,1,188.0,123.0
13,6,1,1.8333333333333333,1,185.0,124.0
13,6,1,0.05,1,186.0,125.0
13,6,1,0.16666666666666666,1,187.0,126.0
13,6,1,0.05,1,188.0,127.0
13,6,1,0.05,1,189.0,128.0
13,6,1,0.08333333333333333,1,190.0,129.0
13,6,1,0.18333333333333332,1,191.0,130.0
13,6,1,0.11666666666666667,1,192.0,131.0
13,6,1,0.06666666666666667,1,193.0,132.0
13,6,1,0.05,1,194.0,133.0
13,6,1,0.05,1,195.0,134.0
13,6,1,1.5833333333333333,1,186.0,135.0
13,6,1,0.1,1,186.0,136.0
13,6,1,0.1,1,186.0,137.0
13,6,1,0.18333333333333332,1,187.0,138.0
13,6,1,0.06666666666666667,1,187.0,139.0
13,6,1,0.4,1,185.0,140.0
13,6,1,0.21666666666666667,1,185.0,141.0
13,6,1,0.21666666666666667,1,185.0,142.0
13,6,1,0.06666666666666667,1,186.0,143.0
13,6,1,0.06666666666666667,1,186.0,144.0
13,6,1,0.36666666666666664,1,187.0,145.0
13,6,1,0.06666666666666667,1,188.0,146.0
13,6,1,0.05,1,189.0,147.0
13,6,1,0.06666666666666667,1,190.0,148.0
13,6,1,0.05,1,190.0,149.0
13,6,1,0.08333333333333333,1,190.0,150.0
13,6,1,0.05,1,191.0,151.0
13,6,1,0.08333333333333333,1,191.0,152.0
13,6,1,0.08333333333333333,1,191.0,153.0
13,6,1,0.1,1,192.0,154.0
13,6,1,0.08333333333333333,1,192.0,155.0
13,6,1,0.08333333333333333,1,193.0,156.0
13,6,1,0.06666666666666667,1,193.0,157.0
13,6,1,0.06666666666666667,1,194.0,158.0
13,6,1,0.08333333333333333,1,194.0,159.0
13,6,1,0.06666666666666667,1,195.0,160.0
13,6,1,0.55,1,196.0,161.0
13,6,1,0.05,1,196.0,162.0
13,6,1,0.1,1,197.0,163.0
13,6,1,0.16666666666666666,1,198.0,164.0
13,6,1,0.11666666666666667,1,199.0,165.0
13,6,1,0.06666666666666667,1,200.0,166.0
13,6,1,0.05,1,201.0,167.0
13,6,1,0.06666666666666667,1,202.0,168.0
13,6,1,0.06666666666666667,1,203.0,169.0
13,6,1,0.08333333333333333,1,204.0,170.0
13,6,1,0.05,1,205.0,171.0
13,6,1,0.06666666666666667,1,206.0,172.0
13,6,1,0.06666666666666667,1,207.0,173.0
13,6,1,0.05,1,208.0,174.0
13,6,1,0.06666666666666667,1,208.0,175.0
13,6,1,0.06666666666666667,1,208.0,176.0
13,6,1,0.06666666666666667,1,209.0,176.0
13,6,1,0.18333333333333332,1,210.0,175.0
13,6,1,0.05,1,211.0,176.0
13,6,1,0.06666666666666667,1,212.0,177.0
13,6,1,0.08333333333333333,1,213.0,176.0
13,6,1,0.05,1,213.0,177.0
13,6,1,0.06666666666666667,1,214.0,177.0
13,6,1,0.06666666666666667,1,213.0,177.0
13,6,1,0.05,1,214.0,178.0
13,6,1,0.08333333333333333,1,215.0,178.0
13,6,1,0.06666666666666667,1,216.0,178.0
13,6,1,0.2,1,217.0,177.0
13,6,1,0.05,1,218.0,178.0
13,6,1,0.11666666666666667,1,219.0,178.0
13,6,1,0.08333333333333333,1,220.0,178.0
13,6,1,0.8666666666666667,1,221.0,167.0
13,6,1,0.05,1,222.0,168.0
13,6,1,0.1,1,223.0,169.0
13,6,1,0.08333333333333333,1,224.0,170.0
13,6,1,0.05,1,225.0,171.0
13,6,1,0.08333333333333333,1,226.0,172.0
13,6,1,0.11666666666666667,1,225.0,173.0
13,6,1,0.08333333333333333,1,226.0,174.0
13,6,1,0.15,1,227.0,175.0
13,6,1,0.13333333333333333,1,228.0,174.0
13,6,1,0.26666666666666666,1,229.0,171.0
13,6,1,0.1,1,230.0,171.0
13,6,1,0.15,1,231.0,171.0
13,6,1,0.05,1,232.0,172.0
13,6,1,0.08333333333333333,1,233.0,173.0
13,6,1,0.05,1,234.0,174.0
13,6,1,0.05,1,235.0,175.0
13,6,1,0.1,1,236.0,175.0
13,6,1,0.25,1,237.0,175.0
13,6,1,0.06666666666666667,1,238.0,176.0
13,6,1,0.05,1,239.0,176.0
13,6,1,0.31666666666666665,1,240.0,175.0
13,6,1,0.05,1,241.0,176.0
13,6,1,0.08333333333333333,1,242.0,177.0
13,6,1,0.06666666666666667,1,243.0,178.0
13,6,1,0.05,1,244.0,178.0
13,6,1,0.11666666666666667,1,245.0,178.0
13,6,1,0.06666666666666667,1,246.0,179.0
13,6,1,0.08333333333333333,1,247.0,180.0
13,6,1,0.06666666666666667,1,248.0,181.0
13,6,1,0.05,1,248.0,182.0
13,6,1,0.06666666666666667,1,248.0,183.0
13,6,1,0.08333333333333333,1,248.0,184.0
13,6,1,0.06666666666666667,1,248.0,185.0
13,6,1,0.08333333333333333,1,249.0,186.0
13,6,1,0.11666666666666667,1,250.0,187.0
13,6,1,0.05,1,251.0,188.0
13,6,1,0.06666666666666667,1,251.0,189.0
13,6,1,0.08333333333333333,1,252.0,188.0
13,6,1,0.06666666666666667,1,252.0,189.0
13,6,1,0.05,1,252.0,190.0
13,6,1,0.06666666666666667,1,253.0,191.0
13,6,1,0.08333333333333333,1,254.0,192.0
13,6,1,0.06666666666666667,1,254.0,193.0
13,6,1,0.06666666666666667,1,254.0,194.0
13,6,1,0.18333333333333332,1,253.0,195.0
13,6,1,0.06666666666666667,1,254.0,196.0
13,6,1,0.05,1,255.0,197.0
13,6,1,0.06666666666666667,1,255.0,198.0
13,6,1,0.06666666666666667,1,255.0,199.0
13,6,1,0.18333333333333332,1,255.0,199.0
13,6,1,0.05,1,256.0,200.0
13,6,1,0.15,1,257.0,201.0
13,6,1,0.1,1,258.0,201.0
13,6,1,0.11666666666666667,1,259.0,201.0
13,6,1,0.06666666666666667,1,260.0,202.0
13,6,1,0.06666666666666667,1,261.0,203.0
13,6,1,0.06666666666666667,1,262.0,204.0
13,6,1,0.08333333333333333,1,263.0,205.0
13,6,1,0.06666666666666667,1,264.0,206.0
13,6,1,0.13333333333333333,1,264.0,207.0
13,6,1,0.08333333333333333,1,265.0,208.0
13,6,1,0.06666666666666667,1,266.0,209.0
13,6,1,0.08333333333333333,1,267.0,210.0
13,6,1,0.21666666666666667,1,268.0,211.0
13,6,1,0.06666666666666667,1,269.0,212.0
13,6,1,0.06666666666666667,1,270.0,213.0
13,6,1,0.06666666666666667,1,271.0,214.0
13,6,1,0.05,1,272.0,215.0
13,6,1,0.11666666666666667,1,272.0,216.0
13,6,1,0.06666666666666667,1,272.0,217.0
13,6,1,0.18333333333333332,1,272.0,218.0
13,6,1,0.06666666666666667,1,273.0,219.0
13,6,1,0.15,1,274.0,220.0
13,6,1,0.06666666666666667,1,275.0,221.0
13,6,1,0.11666666666666667,1,276.0,222.0
13,6,1,0.13333333333333333,1,277.0,221.0
13,6,1,0.15,1,278.0,221.0
13,6,1,0.06666666666666667,1,279.0,221.0
13,6,1,0.11666666666666667,1,280.0,220.0
13,6,1,0.38333333333333336,1,277.0,217.0
13,6,1,0.23333333333333334,1,278.0,216.0
13,6,1,0.13333333333333333,1,279.0,217.0
13,6,1,0.08333333333333333,1,280.0,218.0
13,6,1,0.06666666666666667,1,281.0,219.0
13,6,1,0.1,1,282.0,220.0
13,6,1,0.06666666666666667,1,283.0,220.0
13,6,1,0.1,1,284.0,220.0
13,6,1,0.05,1,285.0,220.0
13,6,1,0.08333333333333333,1,286.0,219.0
13,6,1,0.06666666666666667,1,287.0,219.0
13,6,1,0.35,1,288.0,216.0
13,6,1,0.06666666666666667,1,289.0,216.0
13,6,1,0.06666666666666667,1,290.0,216.0
13,6,1,0.06666666666666667,1,291.0,216.0
13,6,1,0.11666666666666667,1,292.0,215.0
13,6,1,0.06666666666666667,1,293.0,215.0
13,6,1,0.06666666666666667,1,294.0,215.0
13,6,1,0.05,1,295.0,216.0
13,6,1,0.08333333333333333,1,296.0,217.0
13,6,1,0.05,1,297.0,217.0
13,6,1,0.06666666666666667,1,298.0,217.0
13,6,1,0.11666666666666667,1,299.0,217.0
13,6,1,0.06666666666666667,1,300.0,217.0
13,6,1,0.06666666666666667,1,301.0,216.0
13,6,1,0.5,1,302.0,216.0
13,6,1,0.08333333333333333,1,303.0,217.0
13,6,1,0.2,1,304.0,216.0
13,6,1,0.1,1,305.0,217.0
13,6,1,0.05,1,306.0,218.0
13,6,1,0.1,1,307.0,219.0
13,6,1,0.08333333333333333,1,308.0,220.0
13,6,1,0.06666666666666667,1,309.0,221.0
13,6,1,0.08333333333333333,1,310.0,222.0
13,6,1,0.06666666666666667,1,311.0,223.0
13,6,1,0.06666666666666667,1,312.0,224.0
13,6,1,0.1,1,313.0,225.0
13,6,1,0.05,1,314.0,226.0
13,6,1,0.08333333333333333,1,315.0,227.0
13,6,1,0.06666666666666667,1,316.0,228.0
13,6,1,0.5,1,317.0,229.0
13,6,1,0.7333333333333333,1,316.0,230.0
14,6,1,0.55,1,317.0,231.0
14,6,1,0.06666666666666667,1,318.0,232.0
14,6,1,0.06666666666666667,1,319.0,233.0
14,6,1,0.48333333333333334,1,320.0,234.0
14,6,1,0.08333333333333333,1,321.0,235.0
14,6,1,0.05,1,322.0,236.0
14,6,1,0.11666666666666667,1,323.0,237.0
14,6,1,0.05,1,324.0,238.0
14,6,1,0.08333333333333333,1,325.0,239.0
14,6,1,0.1,1,326.0,240.0
14,6,1,0.06666666666666667,1,327.0,241.0
14,6,1,0.1,1,328.0,242.0
14,6,1,0.18333333333333332,1,329.0,243.0
14,6,1,0.06666666666666667,1,330.0,243.0
14,6,1,0.55,1,331.0,239.0
14,6,1,0.05,1,332.0,240.0
14,6,1,0.5166666666666667,1,333.0,239.0
14,6,1,0.11666666666666667,1,334.0,240.0
14,6,1,0.8,1,335.0,232.0
14,6,1,0.06666666666666667,1,336.0,232.0
14,6,1,0.08333333333333333,1,337.0,233.0
14,6,1,0.18333333333333332,1,337.0,231.0
14,6,1,0.11666666666666667,1,338.0,231.0
14,6,1,0.11666666666666667,1,339.0,230.0
14,6,1,0.15,1,340.0,229.0
14,6,1,0.1,1,341.0,229.0
14,6,1,0.08333333333333333,1,342.0,229.0
14,6,1,0.06666666666666667,1,343.0,229.0
14,6,1,0.06666666666666667,1,344.0,229.0
14,6,1,0.05,1,345.0,229.0
14,6,1,0.08333333333333333,1,346.0,228.0
14,6,1,0.06666666666666667,1,346.0,229.0
14,6,1,0.13333333333333333,1,347.0,229.0
14,6,1,0.38333333333333336,1,347.0,226.0
14,6,1,0.1,1,348.0,225.0
14,6,1,0.05,1,349.0,226.0
14,6,1,0.11666666666666667,1,350.0,227.0
14,6,1,0.06666666666666667,1,351.0,228.0
14,6,1,0.4,1,352.0,229.0
14,6,1,0.05,1,353.0,230.0
14,6,1,0.2,1,354.0,231.0
14,6,1,0.06666666666666667,1,355.0,232.0
14,6,1,0.06666666666666667,1,356.0,233.0
14,6,1,0.05,1,357.0,234.0
14,6,1,0.06666666666666667,1,358.0,235.0
14,6,1,0.08333333333333333,1,359.0,236.0
14,6,1,0.06666666666666667,1,360.0,237.0
14,6,1,0.05,1,361.0,238.0
14,6,1,0.06666666666666667,1,362.0,239.0
14,6,1,0.08333333333333333,1,363.0,240.0
14,6,1,0.05,1,364.0,241.0
14,6,1,0.08333333333333333,1,365.0,242.0
14,6,1,0.05,1,366.0,243.0
14,6,1,0.2,1,367.0,242.0
14,6,1,0.08333333333333333,1,368.0,243.0
14,6,1,0.05,1,369.0,244.0
14,6,1,0.06666666666666667,1,370.0,244.0
14,6,1,0.06666666666666667,1,371.0,243.0
14,6,1,0.06666666666666667,1,372.0,244.0
14,6,1,0.05,1,373.0,244.0
14,6,1,0.16666666666666666,1,374.0,244.0
14,6,1,0.05,1,375.0,245.0
14,6,1,0.05,1,376.0,245.0
14,6,1,0.08333333333333333,1,377.0,245.0
14,6,1,0.05,1,378.0,245.0
14,6,1,0.06666666666666667,1,379.0,245.0
14,6,1,0.06666666666666667,1,380.0,246.0
14,6,1,0.06666666666666667,1,381.0,247.0
14,6,1,0.05,1,382.0,248.0
14,6,1,0.06666666666666667,1,383.0,249.0
14,6,1,0.06666666666666667,1,384.0,250.0
14,6,1,0.08333333333333333,1,385.0,251.0
14,6,1,5.483333333333333,1,386.0,214.0
14,6,1,0.06666666666666667,1,387.0,214.0
14,6,1,10.366666666666667,1,331.0,116.0
14,6,1,0.1,1,332.0,116.0
14,6,1,0.06666666666666667,1,333.0,116.0
14,6,1,0.11666666666666667,1,334.0,116.0
14,6,1,0.06666666666666667,1,335.0,116.0
14,6,1,0.06666666666666667,1,336.0,116.0
14,6,1,0.08333333333333333,1,336.0,116.0
14,6,1,0.08333333333333333,1,336.0,116.0
14,6,1,0.05,1,336.0,116.0
14,6,1,0.06666666666666667,1,336.0,117.0
14,6,1,0.55,1,329.0,114.0
14,6,1,0.05,1,329.0,114.0
14,6,1,0.8333333333333334,1,320.0,104.0
14,6,1,0.08333333333333333,1,321.0,105.0
14,6,1,0.06666666666666667,1,322.0,106.0
14,6,1,0.06666666666666667,1,323.0,107.0
14,6,1,0.06666666666666667,1,323.0,108.0
14,6,1,0.9,1,322.0,101.0
14,6,1,0.06666666666666667,1,323.0,101.0
14,6,1,0.06666666666666667,1,324.0,101.0
14,6,1,6.616666666666666,1,296.0,68.0
14,6,1,0.06666666666666667,1,296.0,68.0
14,6,1,0.05,1,296.0,68.0
14,6,1,0.05,1,296.0,68.0
14,6,1,0.06666666666666667,1,296.0,68.0
14,6,1,0.05,1,297.0,68.0
14,6,1,0.08333333333333333,1,298.0,69.0
14,6,1,4.233333333333333,1,281.0,30.0
14,6,1,0.08333333333333333,1,282.0,31.0
14,6,1,0.06666666666666667,1,283.0,32.0
14,6,1,0.18333333333333332,1,284.0,33.0
14,6,1,0.06666666666666667,1,285.0,34.0
14,6,1,0.2,1,285.0,35.0
14,6,1,0.06666666666666667,1,285.0,36.0
14,6,1,0.05,1,286.0,37.0
14,6,1,0.06666666666666667,1,286.0,38.0
14,6,1,0.08333333333333333,1,287.0,39.0
14,6,1,0.45,1,286.0,40.0
14,6,1,0.06666666666666667,1,287.0,41.0
14,6,1,0.06666666666666667,1,287.0,42.0
14,6,1,0.05,1,288.0,43.0
14,6,1,0.06666666666666667,1,289.0,44.0
14,6,1,0.06666666666666667,1,289.0,45.0
14,6,1,0.06666666666666667,1,290.0,46.0
15,6,1,30.0,1,47.0,1.0
15,6,1,0.05,1,48.0,2.0
15,6,1,0.06666666666666667,1,49.0,3.0
15,6,1,0.21666666666666667,1,50.0,4.0
15,6,1,0.06666666666666667,1,51.0,5.0
15,6,1,0.05,1,52.0,6.0
15,6,1,2.933333333333333,1,51.0,7.0
15,6,1,0.06666666666666667,1,52.0,8.0
15,6,1,0.4,1,53.0,9.0
15,6,1,0.06666666666666667,1,54.0,10.0
15,6,1,8.416666666666666,1,55.0,11.0
15,6,1,0.06666666666666667,1,56.0,12.0
15,6,1,1.0333333333333334,1,57.0,13.0
15,6,1,1.3166666666666667,1,48.0,14.0
15,6,1,0.06666666666666667,1,49.0,15.0
15,6,1,2.5,1,40.0,16.0
15,6,1,0.06666666666666667,1,41.0,17.0
15,6,1,0.1,1,42.0,18.0
15,6,1,0.06666666666666667,1,43.0,19.0
15,6,1,0.06666666666666667,1,44.0,20.0
15,6,1,0.06666666666666667,1,45.0,21.0
15,6,1,0.06666666666666667,1,46.0,22.0
15,6,1,0.05,1,47.0,23.0
15,6,1,0.06666666666666667,1,48.0,24.0
17,6,1,91.33333333333333,1,1.0,1.0
17,6,1,0.06666666666666667,1,2.0,2.0
17,6,1,0.06666666666666667,1,3.0,3.0
17,6,1,0.4666666666666667,1,4.0,4.0
17,6,1,0.06666666666666667,1,5.0,5.0
17,6,1,0.05,1,6.0,6.0
17,6,1,6.85,1,7.0,7.0
17,6,1,0.06666666666666667,1,8.0,8.0
17,6,1,0.9,1,9.0,9.0
17,6,1,0.05,1,10.0,10.0
17,6,1,7.083333333333333,1,11.0,11.0
17,6,1,0.06666666666666667,1,12.0,12.0
17,6,1,0.08333333333333333,1,13.0,13.0
17,6,1,0.05,1,14.0,14.0
17,6,1,1.6333333333333333,1,15.0,15.0
17,6,1,0.06666666666666667,1,16.0,16.0
17,6,1,0.11666666666666667,1,17.0,17.0
17,6,1,0.06666666666666667,1,18.0,18.0
17,6,1,0.8833333333333333,1,19.0,19.0
17,6,1,0.05,1,20.0,20.0
17,6,1,0.11666666666666667,1,21.0,21.0
17,6,1,0.06666666666666667,1,22.0,22.0
17,6,1,3.6666666666666665,1,23.0,23.0
17,6,1,0.4166666666666667,1,24.0,24.0
17,6,1,0.06666666666666667,1,25.0,25.0
17,6,1,21.3,1,26.0,16.0
17,6,1,0.06666666666666667,1,27.0,17.0
17,6,1,0.13333333333333333,1,28.0,18.0
17,6,1,0.08333333333333333,1,29.0,19.0
17,6,1,0.1,1,30.0,20.0
17,6,1,0.06666666666666667,1,31.0,21.0
17,6,1,0.05,1,32.0,22.0
17,6,1,0.08333333333333333,1,33.0,23.0
17,6,1,0.08333333333333333,1,34.0,24.0
17,6,1,0.18333333333333332,1,35.0,25.0
17,6,1,0.06666666666666667,1,36.0,26.0
17,6,1,6.8,1,37.0,15.0
17,6,1,0.06666666666666667,1,38.0,16.0
17,6,1,1.25,1,39.0,14.0
17,6,1,0.05,1,40.0,15.0
17,6,1,0.26666666666666666,1,41.0,16.0
17,6,1,0.1,1,42.0,17.0
17,6,1,0.06666666666666667,1,43.0,18.0
17,6,1,0.06666666666666667,1,44.0,19.0
17,6,1,0.1,1,45.0,20.0
17,6,1,0.06666666666666667,1,46.0,21.0
17,6,1,0.5,1,47.0,22.0
17,6,1,0.06666666666666667,1,48.0,23.0
17,6,1,0.05,1,49.0,24.0
17,6,1,0.75,1,50.0,25.0
17,6,1,0.06666666666666667,1,51.0,26.0
17,6,1,0.06666666666666667,1,52.0,27.0
17,6,1,0.08333333333333333,1,53.0,28.0
17,6,1,0.05,1,54.0,29.0
17,6,1,0.13333333333333333,1,55.0,30.0
17,6,1,0.06666666666666667,1,56.0,31.0
17,6,1,0.2,1,57.0,32.0
17,6,1,0.23333333333333334,1,58.0,33.0
17,6,1,0.06666666666666667,1,59.0,34.0
17,6,1,1.8166666666666667,1,60.0,35.0
17,6,1,0.05,1,61.0,36.0
17,6,1,0.21666666666666667,1,62.0,37.0
17,6,1,0.06666666666666667,1,63.0,38.0
18,6,1,6.366666666666666,1,58.0,39.0
18,6,1,0.05,1,59.0,40.0
18,6,1,0.55,1,60.0,41.0
18,6,1,0.05,1,61.0,42.0
18,6,1,26.4,1,43.0,5.0
18,6,1,0.06666666666666667,1,44.0,6.0
18,6,1,12.083333333333334,1,45.0,3.0
18,6,1,0.06666666666666667,1,46.0,4.0
18,6,1,0.08333333333333333,1,47.0,5.0
18,6,1,0.06666666666666667,1,47.0,6.0
18,6,1,0.06666666666666667,1,47.0,7.0
18,6,1,0.1,1,48.0,8.0
18,6,1,0.08333333333333333,1,48.0,9.0
18,6,1,0.05,1,48.0,10.0
18,6,1,0.08333333333333333,1,48.0,11.0
18,6,1,0.4166666666666667,1,45.0,12.0
18,6,1,0.05,1,45.0,13.0
18,6,1,0.06666666666666667,1,45.0,14.0
18,6,1,0.1,1,46.0,15.0
18,6,1,0.06666666666666667,1,47.0,16.0
18,6,1,0.06666666666666667,1,48.0,17.0
18,6,1,3.066666666666667,1,49.0,18.0
18,6,1,0.05,1,50.0,19.0
18,6,1,0.23333333333333334,1,51.0,20.0
18,6,1,3.533333333333333,1,50.0,21.0
18,6,1,1.5833333333333333,1,45.0,22.0
18,6,1,0.06666666666666667,1,45.0,23.0
19,6,1,8.866666666666667,1,28.0,22.0
19,6,1,0.05,1,29.0,23.0
19,6,1,0.06666666666666667,1,30.0,24.0
19,6,1,2.533333333333333,1,28.0,25.0
19,6,1,0.1,1,28.0,26.0
19,6,1,0.06666666666666667,1,29.0,27.0
19,6,1,8.25,1,30.0,28.0
19,6,1,0.0,1,31.0,29.0
19,6,1,12.066666666666666,1,32.0,9.0
19,6,1,0.6,1,33.0,10.0
19,6,1,0.06666666666666667,1,34.0,11.0
19,6,1,0.11666666666666667,1,35.0,12.0
19,6,1,12.333333333333334,1,34.0,7.0
19,6,1,0.05,1,35.0,8.0
19,6,1,0.06666666666666667,1,36.0,9.0
19,6,1,0.38333333333333336,1,37.0,10.0
19,6,1,0.3333333333333333,1,38.0,11.0
19,6,1,0.06666666666666667,1,39.0,12.0
19,6,1,0.13333333333333333,1,40.0,13.0
19,6,1,0.06666666666666667,1,41.0,14.0
19,6,1,2.2666666666666666,1,42.0,15.0
19,6,1,13.883333333333333,1,22.0,13.0
19,6,1,0.06666666666666667,1,23.0,14.0
20,6,1,3.466666666666667,1,24.0,12.0
20,6,1,0.06666666666666667,1,25.0,13.0
20,6,1,5.266666666666667,1,23.0,14.0
20,6,1,1.1666666666666667,1,21.0,15.0
20,6,1,0.05,1,22.0,16.0
20,6,1,0.06666666666666667,1,23.0,17.0
20,6,1,0.6166666666666667,1,24.0,18.0
20,6,1,0.05,1,25.0,19.0
20,6,1,0.15,1,26.0,20.0
20,6,1,0.06666666666666667,1,27.0,21.0
20,6,1,0.9833333333333333,1,28.0,22.0
20,6,1,0.0,1,29.0,23.0
20,6,1,0.1,1,30.0,24.0
20,6,1,0.05,1,31.0,25.0
20,6,1,0.8333333333333334,1,32.0,23.0
20,6,1,0.05,1,33.0,24.0
20,6,1,0.05,1,34.0,25.0
20,6,1,0.06666666666666667,1,35.0,26.0
20,6,1,0.3333333333333333,1,36.0,26.0
20,6,1,0.06666666666666667,1,37.0,27.0
20,6,1,0.06666666666666667,1,38.0,27.0
20,6,1,0.06666666666666667,1,39.0,27.0
20,6,1,1.6333333333333333,1,40.0,26.0
20,6,1,0.06666666666666667,1,41.0,27.0
20,6,1,0.05,1,42.0,28.0
20,6,1,0.05,1,43.0,29.0
20,6,1,4.65,1,42.0,29.0
20,6,1,0.06666666666666667,1,43.0,30.0
20,6,1,0.5,1,44.0,31.0
20,6,1,2.6333333333333333,1,45.0,32.0
20,6,1,0.05,1,46.0,33.0
20,6,1,0.06666666666666667,1,47.0,34.0
20,6,1,0.16666666666666666,1,48.0,35.0
20,6,1,0.1,1,49.0,36.0
20,6,1,2.4166666666666665,1,50.0,37.0
20,6,1,1.65,1,51.0,38.0
20,6,1,0.06666666666666667,1,52.0,39.0
20,6,1,0.06666666666666667,1,53.0,40.0
20,6,1,0.06666666666666667,1,54.0,41.0
20,6,1,0.06666666666666667,1,55.0,42.0
20,6,1,0.3,1,56.0,43.0
20,6,1,0.08333333333333333,1,57.0,44.0
20,6,1,0.1,1,58.0,45.0
20,6,1,0.05,1,59.0,46.0
20,6,1,0.06666666666666667,1,60.0,47.0
20,6,1,0.1,1,61.0,48.0
20,6,1,0.08333333333333333,1,62.0,49.0
20,6,1,0.1,1,63.0,50.0
20,6,1,0.05,1,64.0,51.0
20,6,1,0.06666666666666667,1,65.0,52.0
20,6,1,0.05,1,66.0,53.0
20,6,1,0.05,1,67.0,54.0
20,6,1,0.06666666666666667,1,68.0,55.0
20,6,1,0.06666666666666667,1,69.0,56.0
20,6,1,0.06666666666666667,1,70.0,57.0
20,6,1,0.06666666666666667,1,71.0,58.0
20,6,1,0.08333333333333333,1,72.0,59.0
20,6,1,0.1,1,73.0,60.0
20,6,1,0.06666666666666667,1,73.0,61.0
20,6,1,0.18333333333333332,1,74.0,62.0
20,6,1,0.08333333333333333,1,75.0,63.0
20,6,1,0.2,1,76.0,62.0
20,6,1,0.11666666666666667,1,76.0,63.0
20,6,1,0.1,1,76.0,64.0
20,6,1,0.08333333333333333,1,76.0,65.0
20,6,1,0.13333333333333333,1,77.0,66.0
20,6,1,0.16666666666666666,1,78.0,67.0
20,6,1,0.08333333333333333,1,79.0,68.0
20,6,1,0.21666666666666667,1,80.0,69.0
20,6,1,0.06666666666666667,1,81.0,70.0
20,6,1,0.1,1,82.0,71.0
20,6,1,0.06666666666666667,1,83.0,72.0
20,6,1,0.18333333333333332,1,84.0,73.0
20,6,1,0.05,1,85.0,74.0
20,6,1,0.15,1,86.0,75.0
20,6,1,0.06666666666666667,1,87.0,76.0
20,6,1,0.05,1,88.0,77.0
20,6,1,0.06666666666666667,1,89.0,78.0
20,6,1,0.06666666666666667,1,90.0,79.0
20,6,1,0.06666666666666667,1,91.0,80.0
20,6,1,0.15,1,92.0,81.0
20,6,1,0.06666666666666667,1,93.0,82.0
20,6,1,0.08333333333333333,1,94.0,83.0
20,6,1,0.05,1,95.0,84.0
20,6,1,0.08333333333333333,1,96.0,85.0
20,6,1,0.38333333333333336,1,97.0,86.0
20,6,1,0.08333333333333333,1,98.0,87.0
20,6,1,0.05,1,99.0,88.0
20,6,1,0.06666666666666667,1,100.0,89.0
20,6,1,0.43333333333333335,1,101.0,90.0
20,6,1,0.05,1,102.0,91.0
20,6,1,0.06666666666666667,1,103.0,91.0
20,6,1,0.06666666666666667,1,104.0,91.0
20,6,1,29.316666666666666,1,94.0,6.0
20,6,1,0.05,1,95.0,7.0
20,6,1,0.05,1,96.0,7.0
21,6,1,0.65,1,95.0,4.0
21,6,1,0.06666666666666667,1,96.0,5.0
21,6,1,0.05,1,97.0,6.0
21,6,1,0.08333333333333333,1,98.0,7.0
21,6,1,0.15,1,99.0,8.0
21,6,1,0.11666666666666667,1,100.0,9.0
21,6,1,0.06666666666666667,1,101.0,10.0
21,6,1,0.05,1,102.0,11.0
21,6,1,0.5,1,103.0,12.0
21,6,1,0.1,1,104.0,13.0
21,6,1,0.06666666666666667,1,105.0,14.0
21,6,1,0.08333333333333333,1,106.0,15.0
21,6,1,0.13333333333333333,1,107.0,16.0
21,6,1,0.05,1,108.0,17.0
21,6,1,0.08333333333333333,1,109.0,18.0
21,6,1,0.05,1,110.0,19.0
21,6,1,0.05,1,111.0,20.0
21,6,1,0.06666666666666667,1,112.0,21.0
21,6,1,0.85,1,113.0,22.0
21,6,1,0.08333333333333333,1,114.0,23.0
21,6,1,0.06666666666666667,1,115.0,24.0
21,6,1,0.05,1,116.0,25.0
21,6,1,0.05,1,117.0,26.0
21,6,1,3.8666666666666667,1,114.0,27.0
21,6,1,0.06666666666666667,1,115.0,28.0
21,6,1,0.2833333333333333,1,115.0,29.0
21,6,1,0.06666666666666667,1,115.0,30.0
21,6,1,0.06666666666666667,1,116.0,31.0
21,6,1,0.05,1,117.0,32.0
21,6,1,0.43333333333333335,1,116.0,33.0
21,6,1,0.06666666666666667,1,117.0,34.0
21,6,1,0.06666666666666667,1,118.0,35.0
21,6,1,5.566666666666666,1,103.0,36.0
21,6,1,0.06666666666666667,1,104.0,37.0
21,6,1,0.05,1,105.0,38.0
21,6,1,1.0833333333333333,1,106.0,39.0
21,6,1,0.65,1,107.0,40.0
21,6,1,0.26666666666666666,1,108.0,41.0
21,6,1,0.3,1,109.0,42.0
21,6,1,1.2833333333333334,1,107.0,43.0
21,6,1,0.06666666666666667,1,108.0,44.0
21,6,1,0.23333333333333334,1,109.0,45.0
21,6,1,0.21666666666666667,1,110.0,46.0
21,6,1,0.2,1,111.0,47.0
21,6,1,0.2833333333333333,1,112.0,48.0
21,6,1,0.1,1,113.0,49.0
21,6,1,0.05,1,114.0,50.0
21,6,1,4.466666666666667,1,109.0,51.0
21,6,1,0.1,1,110.0,52.0
21,6,1,0.06666666666666667,1,111.0,53.0
21,6,1,0.11666666666666667,1,112.0,54.0
21,6,1,0.13333333333333333,1,113.0,55.0
21,6,1,0.13333333333333333,1,114.0,56.0
21,6,1,0.05,1,115.0,57.0
21,6,1,0.08333333333333333,1,116.0,58.0
21,6,1,0.1,1,117.0,59.0
21,6,1,0.05,1,118.0,60.0
21,6,1,0.1,1,119.0,61.0
21,6,1,0.06666666666666667,1,120.0,62.0
21,6,1,0.38333333333333336,1,121.0,63.0
21,6,1,0.13333333333333333,1,120.0,64.0
21,6,1,0.15,1,118.0,65.0
21,6,1,0.13333333333333333,1,119.0,66.0
21,6,1,0.5666666666666667,1,114.0,67.0
21,6,1,0.05,1,115.0,68.0
21,6,1,0.21666666666666667,1,113.0,69.0
21,6,1,0.31666666666666665,1,109.0,70.0
21,6,1,0.48333333333333334,1,105.0,71.0
21,6,1,0.06666666666666667,1,105.0,72.0
21,6,1,1.95,1,88.0,73.0
21,6,1,0.05,1,89.0,74.0
21,6,1,0.06666666666666667,1,89.0,75.0
21,6,1,0.05,1,89.0,76.0
21,6,1,4.233333333333333,1,77.0,56.0
21,6,1,0.15,1,78.0,55.0
21,6,1,0.06666666666666667,1,79.0,55.0
21,6,1,0.13333333333333333,1,80.0,54.0
21,6,1,0.05,1,81.0,55.0
21,6,1,0.06666666666666667,1,82.0,56.0
21,6,1,0.06666666666666667,1,83.0,57.0
21,6,1,0.06666666666666667,1,84.0,58.0
21,6,1,0.8666666666666667,1,85.0,59.0
21,6,1,0.06666666666666667,1,86.0,60.0
21,6,1,0.75,1,87.0,61.0
21,6,1,0.06666666666666667,1,88.0,62.0
21,6,1,0.06666666666666667,1,89.0,63.0
21,6,1,0.08333333333333333,1,90.0,64.0
21,6,1,0.08333333333333333,1,91.0,65.0
21,6,1,0.05,1,92.0,66.0
21,6,1,0.06666666666666667,1,93.0,67.0
21,6,1,0.8666666666666667,1,94.0,68.0
21,6,1,0.06666666666666667,1,95.0,69.0
21,6,1,0.35,1,96.0,70.0
21,6,1,0.1,1,97.0,71.0
21,6,1,0.36666666666666664,1,98.0,70.0
21,6,1,0.05,1,99.0,71.0
21,6,1,0.05,1,100.0,71.0
21,6,1,0.06666666666666667,1,101.0,71.0
21,6,1,0.06666666666666667,1,102.0,71.0
21,6,1,0.05,1,103.0,71.0
21,6,1,0.9666666666666667,1,104.0,69.0
21,6,1,0.06666666666666667,1,105.0,70.0
21,6,1,0.05,1,106.0,71.0
21,6,1,0.43333333333333335,1,107.0,72.0
21,6,1,0.06666666666666667,1,108.0,73.0
21,6,1,0.11666666666666667,1,109.0,74.0
21,6,1,0.06666666666666667,1,110.0,75.0
21,6,1,0.05,1,111.0,76.0
21,6,1,0.05,1,112.0,77.0
21,6,1,0.11666666666666667,1,113.0,78.0
21,6,1,0.5166666666666667,1,114.0,79.0
21,6,1,0.08333333333333333,1,115.0,80.0
21,6,1,0.06666666666666667,1,116.0,81.0
21,6,1,0.05,1,117.0,82.0
21,6,1,0.08333333333333333,1,118.0,83.0
21,6,1,0.06666666666666667,1,119.0,84.0
21,6,1,0.06666666666666667,1,120.0,85.0
21,6,1,0.05,1,121.0,86.0
21,6,1,0.26666666666666666,1,122.0,87.0
21,6,1,0.08333333333333333,1,123.0,88.0
21,6,1,0.05,1,124.0,89.0
21,6,1,0.2833333333333333,1,125.0,90.0
21,6,1,0.06666666666666667,1,126.0,91.0
21,6,1,0.06666666666666667,1,127.0,92.0
21,6,1,0.1,1,128.0,93.0
21,6,1,0.2833333333333333,1,129.0,94.0
21,6,1,0.06666666666666667,1,130.0,95.0
21,6,1,0.05,1,131.0,96.0
21,6,1,2.2333333333333334,1,132.0,94.0
21,6,1,0.36666666666666664,1,133.0,95.0
21,6,1,3.6,1,134.0,88.0
21,6,1,0.05,1,135.0,88.0
21,6,1,0.05,1,136.0,89.0
21,6,1,0.06666666666666667,1,137.0,90.0
21,6,1,0.21666666666666667,1,138.0,90.0
21,6,1,0.06666666666666667,1,139.0,90.0
21,6,1,0.08333333333333333,1,140.0,90.0
21,6,1,0.8833333333333333,1,141.0,91.0
21,6,1,0.7833333333333333,1,142.0,92.0
21,6,1,0.5,1,143.0,93.0
21,6,1,0.05,1,144.0,94.0
21,6,1,0.26666666666666666,1,145.0,95.0
21,6,1,0.06666666666666667,1,146.0,96.0
21,6,1,0.06666666666666667,1,147.0,97.0
21,6,1,0.05,1,148.0,98.0
21,6,1,0.26666666666666666,1,149.0,99.0
21,6,1,0.05,1,150.0,100.0
21,6,1,0.08333333333333333,1,151.0,101.0
21,6,1,0.06666666666666667,1,152.0,102.0
21,6,1,0.05,1,153.0,103.0
21,6,1,0.05,1,154.0,104.0
21,6,1,0.08333333333333333,1,155.0,105.0
21,6,1,0.16666666666666666,1,156.0,106.0
21,6,1,0.05,1,157.0,107.0
21,6,1,0.5,1,158.0,108.0
21,6,1,0.06666666666666667,1,159.0,109.0
21,6,1,0.05,1,160.0,110.0
21,6,1,0.06666666666666667,1,161.0,111.0
21,6,1,0.13333333333333333,1,162.0,112.0
21,6,1,0.05,1,163.0,112.0
21,6,1,0.06666666666666667,1,164.0,113.0
21,6,1,0.06666666666666667,1,165.0,113.0
21,6,1,0.06666666666666667,1,166.0,113.0
21,6,1,0.38333333333333336,1,167.0,111.0
21,6,1,0.06666666666666667,1,168.0,111.0
21,6,1,1.8,1,169.0,101.0
21,6,1,0.06666666666666667,1,170.0,102.0
21,6,1,0.08333333333333333,1,171.0,103.0
21,6,1,0.05,1,172.0,103.0
21,6,1,0.06666666666666667,1,173.0,104.0
21,6,1,0.36666666666666664,1,174.0,104.0
21,6,1,0.11666666666666667,1,175.0,105.0
21,6,1,0.05,1,176.0,106.0
22,6,1,10.1,1,151.0,84.0
22,6,1,0.7,1,151.0,81.0
22,6,1,0.05,1,151.0,82.0
22,6,1,0.06666666666666667,1,152.0,83.0
22,6,1,0.06666666666666667,1,153.0,84.0
22,6,1,6.433333333333334,1,147.0,51.0
22,6,1,0.1,1,146.0,52.0
22,6,1,1.5166666666666666,1,145.0,51.0
22,6,1,0.06666666666666667,1,146.0,52.0
22,6,1,0.6833333333333333,1,145.0,53.0
22,6,1,0.2833333333333333,1,145.0,54.0
22,6,1,0.2,1,146.0,55.0
22,6,1,0.06666666666666667,1,147.0,56.0
22,6,1,0.38333333333333336,1,148.0,57.0
22,6,1,0.05,1,149.0,58.0
22,6,1,0.48333333333333334,1,148.0,59.0
22,6,1,0.06666666666666667,1,149.0,60.0
22,6,1,0.05,1,150.0,61.0
22,6,1,0.1,1,150.0,62.0
22,6,1,0.06666666666666667,1,151.0,63.0
22,6,1,0.8166666666666667,1,147.0,57.0
22,6,1,0.05,1,148.0,58.0
22,6,1,0.08333333333333333,1,149.0,59.0
22,6,1,0.7666666666666667,1,150.0,59.0
22,6,1,0.08333333333333333,1,151.0,60.0
22,6,1,0.13333333333333333,1,152.0,61.0
22,6,1,4.5,1,141.0,35.0
22,6,1,0.06666666666666667,1,142.0,36.0
22,6,1,0.06666666666666667,1,143.0,37.0
22,6,1,0.05,1,143.0,38.0
22,6,1,0.06666666666666667,1,144.0,39.0
22,6,1,0.06666666666666667,1,144.0,40.0
22,6,1,0.05,1,145.0,41.0
22,6,1,0.9166666666666666,1,142.0,41.0
22,6,1,5.4,1,135.0,35.0
22,6,1,0.06666666666666667,1,136.0,36.0
22,6,1,0.06666666666666667,1,137.0,37.0
22,6,1,23.266666666666666,1,46.0,10.0
22,6,1,0.06666666666666667,1,47.0,10.0
22,6,1,0.05,1,48.0,10.0
22,6,1,0.06666666666666667,1,49.0,10.0
22,6,1,0.05,1,50.0,10.0
22,6,1,0.06666666666666667,1,51.0,10.0
22,6,1,0.9333333333333333,1,50.0,10.0
22,6,1,0.08333333333333333,1,50.0,11.0
22,6,1,0.05,1,50.0,12.0
22,6,1,0.08333333333333333,1,50.0,13.0
22,6,1,0.06666666666666667,1,51.0,14.0
22,6,1,0.06666666666666667,1,52.0,15.0
22,6,1,0.05,1,53.0,16.0
22,6,1,0.06666666666666667,1,54.0,17.0
22,6,1,0.05,1,55.0,18.0
22,6,1,0.06666666666666667,1,55.0,19.0
22,6,1,0.06666666666666667,1,56.0,20.0
22,6,1,0.05,1,56.0,21.0
22,6,1,0.06666666666666667,1,56.0,22.0
22,6,1,0.05,1,57.0,23.0
22,6,1,0.6666666666666666,1,58.0,24.0
22,6,1,0.06666666666666667,1,59.0,25.0
22,6,1,0.06666666666666667,1,60.0,26.0
22,6,1,0.95,1,61.0,27.0
22,6,1,0.06666666666666667,1,62.0,28.0
22,6,1,0.05,1,63.0,29.0
22,6,1,0.05,1,64.0,30.0
22,6,1,0.08333333333333333,1,65.0,31.0
22,6,1,0.06666666666666667,1,66.0,32.0
22,6,1,1.35,1,67.0,33.0
22,6,1,0.06666666666666667,1,68.0,34.0
22,6,1,0.08333333333333333,1,69.0,35.0
22,6,1,0.05,1,70.0,36.0
23,6,1,1.2,1,71.0,34.0
23,6,1,0.06666666666666667,1,72.0,35.0
23,6,1,0.55,1,73.0,36.0
23,6,1,0.06666666666666667,1,74.0,37.0
23,6,1,2.25,1,75.0,38.0
23,6,1,0.06666666666666667,1,76.0,39.0
23,6,1,0.08333333333333333,1,77.0,40.0
23,6,1,5.266666666666667,1,73.0,41.0
23,6,1,0.05,1,74.0,42.0
23,6,1,0.05,1,75.0,43.0
23,6,1,0.08333333333333333,1,76.0,44.0
23,6,1,0.06666666666666667,1,77.0,45.0
23,6,1,0.08333333333333333,1,78.0,46.0
23,6,1,1.7,1,79.0,47.0
23,6,1,0.06666666666666667,1,80.0,48.0
23,6,1,0.15,1,81.0,49.0
23,6,1,0.05,1,82.0,50.0
23,6,1,0.08333333333333333,1,83.0,51.0
0,0,0,69.51666666666667,1,1.0,1.0
0,0,0,0.06666666666666667,1,2.0,2.0
0,0,0,0.06666666666666667,1,3.0,3.0
0,0,0,2.2666666666666666,1,4.0,4.0
0,0,0,0.08333333333333333,1,5.0,5.0
0,0,0,0.06666666666666667,1,6.0,6.0
0,0,0,0.4666666666666667,1,7.0,7.0
0,0,0,0.1,1,8.0,8.0
0,0,0,0.05,1,9.0,9.0
0,0,0,0.05,1,10.0,10.0
0,0,0,0.08333333333333333,1,11.0,11.0
0,0,0,0.11666666666666667,1,12.0,12.0
0,0,0,0.06666666666666667,1,13.0,13.0
0,0,0,0.06666666666666667,1,14.0,14.0
0,0,0,0.08333333333333333,1,15.0,15.0
0,0,0,0.05,1,16.0,16.0
0,0,0,1.7666666666666666,1,17.0,17.0
0,0,0,0.06666666666666667,1,18.0,18.0
0,0,0,0.15,1,19.0,19.0
0,0,0,3.8666666666666667,1,20.0,20.0
0,0,0,0.08333333333333333,1,21.0,21.0
0,0,0,0.06666666666666667,1,22.0,22.0
1,0,0,56.28333333333333,1,4.0,1.0
1,0,0,0.06666666666666667,1,5.0,2.0
1,0,0,0.06666666666666667,1,6.0,3.0
6,0,0,286.8,1,1.0,1.0
6,0,0,0.06666666666666667,1,2.0,2.0
6,0,0,0.06666666666666667,1,3.0,3.0
8,0,0,133.35,1,1.0,1.0
8,0,0,0.05,1,2.0,2.0
8,0,0,0.15,1,3.0,3.0
8,0,0,0.31666666666666665,1,4.0,4.0
8,0,0,1.4333333333333333,1,5.0,5.0
8,0,0,0.8666666666666667,1,6.0,6.0
8,0,0,0.3333333333333333,1,7.0,7.0
8,0,0,0.1,1,8.0,8.0
8,0,0,0.11666666666666667,1,9.0,9.0
8,0,0,0.1,1,10.0,10.0
8,0,0,0.6,1,11.0,11.0
8,0,0,0.06666666666666667,1,12.0,12.0
8,0,0,0.06666666666666667,1,13.0,13.0
8,0,0,0.2,1,14.0,14.0
8,0,0,0.2,1,15.0,15.0
8,0,0,0.06666666666666667,1,16.0,16.0
8,0,0,0.13333333333333333,1,17.0,17.0
8,0,0,0.05,1,18.0,18.0
8,0,0,0.06666666666666667,1,19.0,19.0
8,0,0,0.06666666666666667,1,20.0,20.0
8,0,0,0.05,1,21.0,21.0
8,0,0,0.06666666666666667,1,22.0,22.0
8,0,0,0.13333333333333333,1,23.0,23.0
8,0,0,0.05,1,24.0,24.0
8,0,0,1.7166666666666666,1,25.0,25.0
8,0,0,4.116666666666666,1,26.0,26.0
8,0,0,0.06666666666666667,1,27.0,27.0
8,0,0,0.06666666666666667,1,28.0,28.0
8,0,0,5.316666666666666,1,29.0,29.0
8,0,0,0.08333333333333333,1,30.0,30.0
8,0,0,0.05,1,31.0,31.0
8,0,0,9.033333333333333,1,32.0,32.0
8,0,0,0.05,1,33.0,33.0
8,0,0,0.06666666666666667,1,34.0,34.0
8,0,0,0.06666666666666667,1,35.0,35.0
8,0,0,2.9,1,36.0,36.0
8,0,0,0.05,1,37.0,37.0
8,0,0,0.06666666666666667,1,38.0,38.0
8,0,0,0.08333333333333333,1,39.0,39.0
8,0,0,0.05,1,40.0,40.0
8,0,0,0.06666666666666667,1,41.0,41.0
8,0,0,0.06666666666666667,1,42.0,42.0
8,0,0,0.05,1,43.0,43.0
8,0,0,0.1,1,44.0,44.0
8,0,0,0.08333333333333333,1,45.0,45.0
8,0,0,0.06666666666666667,1,46.0,46.0
8,0,0,0.05,1,47.0,47.0
8,0,0,0.08333333333333333,1,48.0,48.0
8,0,0,0.05,1,49.0,49.0
8,0,0,0.06666666666666667,1,50.0,50.0
8,0,0,1.2,1,51.0,47.0
8,0,0,0.06666666666666667,1,52.0,48.0
8,0,0,0.08333333333333333,1,53.0,49.0
8,0,0,0.5666666666666667,1,54.0,50.0
8,0,0,0.06666666666666667,1,55.0,51.0
8,0,0,0.05,1,56.0,52.0
9,0,0,4.466666666666667,1,57.0,33.0
9,0,0,0.05,1,58.0,34.0
9,0,0,0.06666666666666667,1,59.0,35.0
9,0,0,0.06666666666666667,1,60.0,36.0
9,0,0,0.06666666666666667,1,61.0,37.0
9,0,0,0.06666666666666667,1,62.0,38.0
9,0,0,0.11666666666666667,1,63.0,39.0
9,0,0,0.06666666666666667,1,64.0,40.0
9,0,0,0.11666666666666667,1,65.0,41.0
9,0,0,0.05,1,66.0,42.0
9,0,0,0.06666666666666667,1,67.0,43.0
9,0,0,0.1,1,68.0,43.0
9,0,0,0.05,1,69.0,44.0
9,0,0,0.06666666666666667,1,70.0,45.0
9,0,0,0.05,1,71.0,46.0
9,0,0,0.35,1,72.0,47.0
9,0,0,0.05,1,73.0,48.0
9,0,0,0.06666666666666667,1,74.0,49.0
9,0,0,0.06666666666666667,1,75.0,50.0
9,0,0,0.05,1,76.0,51.0
9,0,0,0.08333333333333333,1,77.0,52.0
9,0,0,0.06666666666666667,1,78.0,53.0
9,0,0,0.31666666666666665,1,79.0,54.0
9,0,0,0.08333333333333333,1,80.0,55.0
9,0,0,0.08333333333333333,1,81.0,56.0
9,0,0,0.43333333333333335,1,82.0,57.0
9,0,0,0.3,1,83.0,58.0
9,0,0,0.11666666666666667,1,84.0,59.0
9,0,0,0.38333333333333336,1,85.0,60.0
9,0,0,0.06666666666666667,1,86.0,61.0
9,0,0,0.06666666666666667,1,87.0,62.0
9,0,0,0.06666666666666667,1,88.0,63.0
9,0,0,0.06666666666666667,1,89.0,64.0
9,0,0,0.06666666666666667,1,90.0,65.0
9,0,0,0.06666666666666667,1,91.0,66.0
9,0,0,0.05,1,92.0,67.0
9,0,0,0.18333333333333332,1,93.0,68.0
9,0,0,0.06666666666666667,1,94.0,69.0
9,0,0,0.05,1,95.0,70.0
9,0,0,0.1,1,96.0,71.0
9,0,0,0.8166666666666667,1,97.0,69.0
9,0,0,0.06666666666666667,1,98.0,70.0
9,0,0,0.06666666666666667,1,99.0,71.0
9,0,0,0.06666666666666667,1,100.0,72.0
9,0,0,0.08333333333333333,1,101.0,73.0
9,0,0,0.06666666666666667,1,102.0,74.0
9,0,0,0.5666666666666667,1,103.0,75.0
9,0,0,0.06666666666666667,1,104.0,76.0
9,0,0,0.08333333333333333,1,105.0,77.0
9,0,0,1.6833333333333333,1,106.0,78.0
9,0,0,0.06666666666666667,1,107.0,79.0
9,0,0,11.016666666666667,1,108.0,77.0
9,0,0,0.05,1,109.0,78.0
9,0,0,8.4,1,100.0,54.0
9,0,0,0.05,1,101.0,55.0
9,0,0,0.08333333333333333,1,102.0,56.0
9,0,0,0.1,1,103.0,57.0
9,0,0,0.55,1,100.0,58.0
9,0,0,0.08333333333333333,1,101.0,59.0
9,0,0,0.13333333333333333,1,101.0,60.0
9,0,0,0.06666666666666667,1,101.0,61.0
9,0,0,3.066666666666667,1,93.0,43.0
9,0,0,0.06666666666666667,1,94.0,43.0
9,0,0,0.05,1,95.0,44.0
9,0,0,4.083333333333333,1,93.0,19.0
9,0,0,0.06666666666666667,1,94.0,20.0
9,0,0,0.13333333333333333,1,95.0,21.0
9,0,0,0.08333333333333333,1,96.0,22.0
9,0,0,0.06666666666666667,1,97.0,22.0
9,0,0,2.7666666666666666,1,98.0,19.0
9,0,0,0.06666666666666667,1,99.0,20.0
9,0,0,0.05,1,100.0,21.0
9,0,0,0.06666666666666667,1,101.0,22.0
9,0,0,0.06666666666666667,1,102.0,23.0
9,0,0,0.06666666666666667,1,103.0,24.0
9,0,0,0.06666666666666667,1,104.0,25.0
9,0,0,0.06666666666666667,1,105.0,26.0
9,0,0,0.06666666666666667,1,106.0,27.0
9,0,0,0.26666666666666666,1,107.0,28.0
9,0,0,0.05,1,108.0,29.0
9,0,0,0.06666666666666667,1,109.0,30.0
9,0,0,4.166666666666667,1,107.0,31.0
9,0,0,0.05,1,108.0,32.0
9,0,0,0.08333333333333333,1,109.0,33.0
9,0,0,3.433333333333333,1,110.0,34.0
9,0,0,0.08333333333333333,1,111.0,35.0
9,0,0,1.7,1,112.0,34.0
9,0,0,0.06666666666666667,1,113.0,35.0
9,0,0,0.06666666666666667,1,114.0,36.0
9,0,0,0.08333333333333333,1,114.0,37.0
9,0,0,0.06666666666666667,1,114.0,38.0
9,0,0,0.05,1,114.0,39.0
9,0,0,0.08333333333333333,1,114.0,40.0
9,0,0,0.2,1,115.0,41.0
9,0,0,0.06666666666666667,1,116.0,42.0
9,0,0,0.06666666666666667,1,117.0,43.0
9,0,0,0.06666666666666667,1,118.0,44.0
9,0,0,0.06666666666666667,1,119.0,45.0
9,0,0,1.3333333333333333,1,120.0,46.0
9,0,0,0.06666666666666667,1,121.0,47.0
9,0,0,2.683333333333333,1,107.0,48.0
9,0,0,0.06666666666666667,1,108.0,49.0
9,0,0,0.05,1,109.0,50.0
9,0,0,0.7666666666666667,1,107.0,51.0
9,0,0,0.08333333333333333,1,108.0,52.0
10,0,0,0.9833333333333333,1,106.0,53.0
10,0,0,0.05,1,107.0,54.0
10,0,0,0.06666666666666667,1,108.0,55.0
10,0,0,0.06666666666666667,1,109.0,56.0
10,0,0,0.06666666666666667,1,110.0,57.0
10,0,0,0.08333333333333333,1,111.0,58.0
10,0,0,0.38333333333333336,1,112.0,59.0
10,0,0,0.08333333333333333,1,113.0,60.0
10,0,0,0.06666666666666667,1,114.0,61.0
10,0,0,0.06666666666666667,1,115.0,62.0
10,0,0,1.85,1,116.0,55.0
10,0,0,2.5,1,99.0,56.0
10,0,0,0.05,1,100.0,57.0
10,0,0,0.06666666666666667,1,99.0,57.0
10,0,0,19.533333333333335,1,67.0,22.0
10,0,0,0.06666666666666667,1,68.0,23.0
10,0,0,1.0,1,69.0,22.0
10,0,0,0.06666666666666667,1,70.0,23.0
10,0,0,0.08333333333333333,1,71.0,24.0
10,0,0,0.06666666666666667,1,72.0,25.0
10,0,0,0.06666666666666667,1,73.0,26.0
10,0,0,0.06666666666666667,1,74.0,27.0
10,0,0,0.08333333333333333,1,75.0,28.0
10,0,0,0.08333333333333333,1,76.0,29.0
10,0,0,5.75,1,70.0,15.0
10,0,0,23.266666666666666,1,31.0,10.0
10,0,0,0.06666666666666667,1,32.0,11.0
10,0,0,0.06666666666666667,1,33.0,12.0
10,0,0,0.06666666666666667,1,34.0,13.0
11,0,0,21.166666666666668,1,16.0,5.0
12,0,0,50.13333333333333,1,2.0,1.0
12,0,0,0.06666666666666667,1,3.0,2.0
12,0,0,0.08333333333333333,1,4.0,3.0
12,0,0,2.033333333333333,1,5.0,4.0
12,0,0,0.06666666666666667,1,6.0,5.0
12,0,0,0.16666666666666666,1,7.0,6.0
12,0,0,0.05,1,8.0,7.0
12,0,0,0.5333333333333333,1,9.0,8.0
12,0,0,0.06666666666666667,1,10.0,9.0
12,0,0,0.55,1,11.0,10.0
12,0,0,0.06666666666666667,1,12.0,11.0
12,0,0,0.25,1,13.0,12.0
12,0,0,0.08333333333333333,1,14.0,13.0
12,0,0,3.216666666666667,1,15.0,14.0
12,0,0,0.05,1,16.0,15.0
12,0,0,12.966666666666667,1,16.0,16.0
12,0,0,0.06666666666666667,1,17.0,17.0
12,0,0,2.45,1,18.0,18.0
12,0,0,0.06666666666666667,1,19.0,19.0
12,0,0,0.06666666666666667,1,20.0,20.0
12,0,0,0.11666666666666667,1,21.0,21.0
12,0,0,0.06666666666666667,1,22.0,22.0
12,0,0,0.1,1,23.0,23.0
12,0,0,0.05,1,24.0,24.0
12,0,0,0.06666666666666667,1,25.0,25.0
12,0,0,0.06666666666666667,1,26.0,26.0
12,0,0,4.05,1,27.0,27.0
12,0,0,0.1,1,28.0,28.0
12,0,0,0.7833333333333333,1,29.0,29.0
12,0,0,0.05,1,30.0,30.0
12,0,0,1.3333333333333333,1,31.0,31.0
12,0,0,0.13333333333333333,1,32.0,32.0
12,0,0,0.15,1,33.0,33.0
12,0,0,0.05,1,34.0,33.0
12,0,0,0.13333333333333333,1,35.0,32.0
12,0,0,5.583333333333333,1,36.0,23.0
12,0,0,0.06666666666666667,1,37.0,24.0
12,0,0,14.3,1,38.0,23.0
12,0,0,0.4,1,39.0,22.0
12,0,0,0.06666666666666667,1,40.0,23.0
12,0,0,0.1,1,41.0,24.0
12,0,0,0.36666666666666664,1,42.0,25.0
12,0,0,0.5833333333333334,1,43.0,26.0
12,0,0,0.8333333333333334,1,44.0,27.0
12,0,0,0.06666666666666667,1,45.0,28.0
12,0,0,0.06666666666666667,1,46.0,29.0
12,0,0,0.13333333333333333,1,47.0,30.0
13,0,0,0.06666666666666667,1,48.0,30.0
13,0,0,0.5333333333333333,1,49.0,24.0
13,0,0,0.06666666666666667,1,50.0,24.0
13,0,0,4.116666666666666,1,51.0,24.0
13,0,0,0.05,1,52.0,24.0
13,0,0,54.05,1,11.0,1.0
13,0,0,0.08333333333333333,1,11.0,2.0
13,0,0,0.08333333333333333,1,12.0,3.0
14,0,0,39.233333333333334,1,4.0,1.0
14,0,0,0.06666666666666667,1,5.0,2.0
14,0,0,0.05,1,6.0,3.0
14,0,0,0.05,1,7.0,4.0
14,0,0,0.25,1,8.0,5.0
14,0,0,0.05,1,9.0,6.0
14,0,0,0.06666666666666667,1,10.0,7.0
14,0,0,1.7666666666666666,1,11.0,8.0
14,0,0,0.06666666666666667,1,12.0,9.0
14,0,0,0.18333333333333332,1,13.0,10.0
14,0,0,0.08333333333333333,1,14.0,11.0
14,0,0,0.1,1,15.0,12.0
14,0,0,0.11666666666666667,1,16.0,13.0
14,0,0,0.1,1,17.0,14.0
14,0,0,7.516666666666667,1,18.0,15.0
14,0,0,0.06666666666666667,1,19.0,16.0
14,0,0,0.08333333333333333,1,20.0,17.0
14,0,0,0.26666666666666666,1,21.0,18.0
14,0,0,0.06666666666666667,1,22.0,19.0
14,0,0,0.05,1,23.0,20.0
14,0,0,0.8166666666666667,1,24.0,21.0
14,0,0,0.06666666666666667,1,25.0,22.0
14,0,0,0.06666666666666667,1,26.0,23.0
14,0,0,1.4333333333333333,1,27.0,24.0
14,0,0,0.06666666666666667,1,28.0,25.0
14,0,0,0.06666666666666667,1,29.0,26.0
14,0,0,1.4333333333333333,1,30.0,27.0
14,0,0,0.4166666666666667,1,31.0,28.0
14,0,0,0.06666666666666667,1,32.0,29.0
14,0,0,0.06666666666666667,1,33.0,30.0
14,0,0,4.016666666666667,1,34.0,31.0
14,0,0,0.8,1,35.0,32.0
14,0,0,0.06666666666666667,1,36.0,33.0
15,0,0,35.733333333333334,1,34.0,1.0
15,0,0,0.2,1,35.0,2.0
15,0,0,0.06666666666666667,1,36.0,3.0
15,0,0,2.433333333333333,1,37.0,4.0
15,0,0,0.05,1,38.0,5.0
15,0,0,3.7666666666666666,1,28.0,6.0
15,0,0,0.08333333333333333,1,29.0,7.0
15,0,0,0.75,1,27.0,8.0
15,0,0,0.06666666666666667,1,28.0,9.0
15,0,0,0.05,1,29.0,10.0
15,0,0,6.55,1,30.0,11.0
15,0,0,0.05,1,31.0,12.0
15,0,0,0.1,1,32.0,13.0
15,0,0,0.08333333333333333,1,33.0,14.0
15,0,0,0.11666666666666667,1,33.0,15.0
15,0,0,1.1166666666666667,1,29.0,16.0
15,0,0,0.06666666666666667,1,30.0,17.0
15,0,0,0.08333333333333333,1,31.0,18.0
15,0,0,0.05,1,32.0,19.0
15,0,0,0.06666666666666667,1,32.0,20.0
15,0,0,0.08333333333333333,1,31.0,21.0
15,0,0,2.0833333333333335,1,29.0,22.0
15,0,0,0.06666666666666667,1,30.0,23.0
15,0,0,0.08333333333333333,1,31.0,24.0
16,0,0,31.083333333333332,1,25.0,1.0
16,0,0,1.2833333333333334,1,26.0,2.0
16,0,0,6.05,1,27.0,3.0
16,0,0,0.06666666666666667,1,28.0,4.0
16,0,0,21.366666666666667,1,7.0,5.0
17,0,0,18.683333333333334,1,6.0,2.0
17,0,0,7.916666666666667,1,7.0,3.0
17,0,0,0.05,1,8.0,4.0
17,0,0,0.1,1,9.0,5.0
17,0,0,1.1,1,10.0,6.0
17,0,0,0.06666666666666667,1,11.0,7.0
17,0,0,0.08333333333333333,1,12.0,8.0
17,0,0,0.05,1,13.0,9.0
17,0,0,0.06666666666666667,1,14.0,10.0
17,0,0,0.05,1,15.0,11.0
17,0,0,0.06666666666666667,1,16.0,12.0
17,0,0,0.38333333333333336,1,17.0,13.0
17,0,0,0.06666666666666667,1,18.0,14.0
17,0,0,0.05,1,19.0,15.0
17,0,0,0.06666666666666667,1,20.0,16.0
17,0,0,0.06666666666666667,1,21.0,17.0
17,0,0,0.08333333333333333,1,22.0,18.0
17,0,0,0.06666666666666667,1,23.0,19.0
17,0,0,0.05,1,24.0,20.0
17,0,0,0.06666666666666667,1,25.0,21.0
17,0,0,0.1,1,26.0,22.0
17,0,0,3.55,1,25.0,22.0
17,0,0,0.06666666666666667,1,26.0,23.0
17,0,0,0.05,1,27.0,24.0
17,0,0,0.08333333333333333,1,28.0,25.0
17,0,0,0.1,1,29.0,26.0
17,0,0,0.06666666666666667,1,30.0,27.0
17,0,0,0.08333333333333333,1,31.0,28.0
17,0,0,0.06666666666666667,1,32.0,29.0
17,0,0,0.08333333333333333,1,33.0,30.0
17,0,0,0.06666666666666667,1,34.0,31.0
17,0,0,0.1,1,35.0,32.0
17,0,0,0.05,1,36.0,33.0
17,0,0,0.1,1,37.0,34.0
17,0,0,0.05,1,38.0,35.0
17,0,0,0.08333333333333333,1,39.0,36.0
17,0,0,3.533333333333333,1,40.0,37.0
17,0,0,0.08333333333333333,1,41.0,38.0
17,0,0,0.48333333333333334,1,42.0,39.0
17,0,0,2.95,1,41.0,40.0
17,0,0,0.06666666666666667,1,42.0,41.0
17,0,0,0.05,1,43.0,42.0
17,0,0,0.2833333333333333,1,44.0,43.0
17,0,0,0.06666666666666667,1,45.0,44.0
17,0,0,0.3,1,46.0,45.0
17,0,0,0.06666666666666667,1,47.0,46.0
17,0,0,0.8166666666666667,1,48.0,47.0
17,0,0,0.06666666666666667,1,49.0,48.0
17,0,0,0.06666666666666667,1,50.0,49.0
18,0,0,26.483333333333334,1,50.0,11.0
18,0,0,0.06666666666666667,1,51.0,12.0
18,0,0,2.8,1,52.0,6.0
18,0,0,0.06666666666666667,1,53.0,7.0
18,0,0,0.06666666666666667,1,54.0,8.0
18,0,0,0.16666666666666666,1,55.0,9.0
18,0,0,0.08333333333333333,1,56.0,10.0
18,0,0,0.06666666666666667,1,57.0,11.0
18,0,0,0.06666666666666667,1,58.0,11.0
18,0,0,0.08333333333333333,1,59.0,11.0
18,0,0,0.05,1,60.0,11.0
18,0,0,0.11666666666666667,1,61.0,12.0
18,0,0,0.08333333333333333,1,62.0,13.0
18,0,0,0.06666666666666667,1,63.0,14.0
18,0,0,0.06666666666666667,1,64.0,15.0
18,0,0,3.1,1,65.0,16.0
18,0,0,0.06666666666666667,1,66.0,17.0
18,0,0,0.06666666666666667,1,67.0,18.0
18,0,0,0.06666666666666667,1,68.0,19.0
18,0,0,0.05,1,69.0,20.0
18,0,0,0.08333333333333333,1,70.0,21.0
18,0,0,1.8166666666666667,1,71.0,22.0
18,0,0,0.08333333333333333,1,72.0,23.0
18,0,0,0.05,1,73.0,24.0
18,0,0,0.06666666666666667,1,74.0,25.0
18,0,0,0.06666666666666667,1,75.0,26.0
18,0,0,0.06666666666666667,1,76.0,27.0
18,0,0,0.1,1,76.0,28.0
18,0,0,0.06666666666666667,1,77.0,29.0
18,0,0,0.06666666666666667,1,78.0,30.0
18,0,0,2.2,1,79.0,31.0
18,0,0,0.06666666666666667,1,80.0,32.0
18,0,0,0.06666666666666667,1,81.0,33.0
18,0,0,32.63333333333333,1,34.0,1.0
18,0,0,0.06666666666666667,1,35.0,2.0
19,0,0,14.45,1,36.0,3.0
19,0,0,0.05,1,37.0,4.0
19,0,0,0.08333333333333333,1,38.0,5.0
19,0,0,0.05,1,39.0,6.0
19,0,0,2.566666666666667,1,38.0,7.0
19,0,0,0.06666666666666667,1,39.0,8.0
19,0,0,0.06666666666666667,1,40.0,9.0
19,0,0,0.4666666666666667,1,41.0,10.0
19,0,0,0.05,1,42.0,11.0
19,0,0,0.1,1,43.0,12.0
19,0,0,0.06666666666666667,1,44.0,13.0
19,0,0,1.3,1,32.0,14.0
19,0,0,0.06666666666666667,1,33.0,15.0
19,0,0,15.166666666666666,1,16.0,14.0
19,0,0,0.05,1,17.0,15.0
19,0,0,3.1666666666666665,1,18.0,16.0
19,0,0,0.06666666666666667,1,19.0,17.0
19,0,0,0.06666666666666667,1,20.0,18.0
19,0,0,0.11666666666666667,1,21.0,19.0
19,0,0,0.06666666666666667,1,22.0,20.0
19,0,0,0.06666666666666667,1,23.0,21.0
19,0,0,0.06666666666666667,1,24.0,22.0
19,0,0,0.15,1,25.0,23.0
19,0,0,0.06666666666666667,1,26.0,24.0
19,0,0,0.06666666666666667,1,27.0,25.0
19,0,0,0.15,1,28.0,26.0
19,0,0,0.08333333333333333,1,29.0,27.0
19,0,0,0.7666666666666667,1,30.0,28.0
19,0,0,0.26666666666666666,1,31.0,29.0
19,0,0,0.05,1,32.0,30.0
19,0,0,0.1,1,33.0,31.0
19,0,0,1.4333333333333333,1,34.0,32.0
19,0,0,0.05,1,35.0,33.0
19,0,0,8.283333333333333,1,36.0,21.0
19,0,0,0.06666666666666667,1,37.0,22.0
19,0,0,1.2333333333333334,1,38.0,23.0
19,0,0,0.08333333333333333,1,39.0,24.0
19,0,0,0.06666666666666667,1,40.0,25.0
19,0,0,0.08333333333333333,1,41.0,26.0
19,0,0,0.05,1,42.0,27.0
19,0,0,0.23333333333333334,1,43.0,28.0
19,0,0,0.06666666666666667,1,44.0,29.0
20,0,0,25.316666666666666,1,39.0,10.0
20,0,0,0.05,1,40.0,11.0
20,0,0,0.11666666666666667,1,41.0,12.0
20,0,0,0.06666666666666667,1,42.0,13.0
20,0,0,0.06666666666666667,1,43.0,14.0
20,0,0,0.05,1,43.0,15.0
20,0,0,30.2,1,16.0,1.0
20,0,0,0.2833333333333333,1,17.0,2.0
20,0,0,0.05,1,18.0,3.0
20,0,0,0.06666666666666667,1,19.0,4.0
20,0,0,0.05,1,20.0,5.0
20,0,0,0.31666666666666665,1,21.0,6.0
20,0,0,0.05,1,22.0,7.0
20,0,0,0.06666666666666667,1,23.0,8.0
20,0,0,0.06666666666666667,1,24.0,9.0
20,0,0,0.08333333333333333,1,25.0,10.0
20,0,0,0.08333333333333333,1,26.0,11.0
20,0,0,0.05,1,27.0,12.0
20,0,0,0.06666666666666667,1,28.0,13.0
20,0,0,0.08333333333333333,1,29.0,14.0
20,0,0,0.1,1,30.0,15.0
20,0,0,24.216666666666665,1,22.0,16.0
20,0,0,0.05,1,23.0,17.0
20,0,0,0.1,1,24.0,18.0
21,0,0,1.5833333333333333,1,25.0,19.0
21,0,0,0.06666666666666667,1,26.0,20.0
21,0,0,4.133333333333334,1,21.0,6.0
21,0,0,0.08333333333333333,1,22.0,7.0
21,0,0,0.06666666666666667,1,23.0,8.0
21,0,0,48.38333333333333,1,9.0,1.0
21,0,0,0.08333333333333333,1,10.0,2.0
21,0,0,2.2666666666666666,1,11.0,3.0
21,0,0,0.05,1,12.0,4.0
21,0,0,0.06666666666666667,1,13.0,5.0
21,0,0,0.08333333333333333,1,14.0,6.0
21,0,0,0.08333333333333333,1,15.0,7.0
21,0,0,0.9166666666666666,1,16.0,8.0
21,0,0,0.13333333333333333,1,17.0,9.0
21,0,0,0.13333333333333333,1,18.0,10.0
21,0,0,0.8333333333333334,1,19.0,11.0
21,0,0,0.08333333333333333,1,20.0,12.0
21,0,0,0.06666666666666667,1,21.0,13.0
22,0,0,1.5166666666666666,1,19.0,14.0
22,0,0,0.06666666666666667,1,20.0,15.0
22,0,0,0.08333333333333333,1,21.0,16.0
22,0,0,0.08333333333333333,1,22.0,17.0
22,0,0,21.45,1,18.0,18.0
22,0,0,0.06666666666666667,1,19.0,19.0
22,0,0,20.683333333333334,1,20.0,3.0
22,0,0,0.06666666666666667,1,21.0,4.0
22,0,0,0.06666666666666667,1,22.0,5.0
22,0,0,0.31666666666666665,1,23.0,6.0
22,0,0,0.06666666666666667,1,24.0,7.0
22,0,0,0.06666666666666667,1,25.0,8.0
22,0,0,0.05,1,26.0,9.0
22,0,0,0.8333333333333334,1,27.0,10.0
22,0,0,0.06666666666666667,1,28.0,11.0
22,0,0,0.15,1,29.0,12.0
22,0,0,0.05,1,30.0,13.0
22,0,0,0.1,1,31.0,14.0
22,0,0,0.05,1,32.0,15.0
22,0,0,4.2,1,33.0,16.0
22,0,0,0.05,1,34.0,17.0
22,0,0,0.08333333333333333,1,35.0,18.0
22,0,0,0.06666666666666667,1,36.0,19.0
22,0,0,0.08333333333333333,1,37.0,20.0
22,0,0,0.08333333333333333,1,38.0,21.0
22,0,0,1.7833333333333334,1,39.0,22.0
22,0,0,0.08333333333333333,1,40.0,23.0
22,0,0,0.05,1,41.0,24.0
22,0,0,0.06666666666666667,1,42.0,25.0
22,0,0,0.1,1,43.0,26.0
22,0,0,0.06666666666666667,1,44.0,27.0
22,0,0,0.7166666666666667,1,45.0,26.0
22,0,0,0.05,1,46.0,27.0
22,0,0,0.06666666666666667,1,47.0,28.0
23,0,0,14.05,1,31.0,29.0
23,0,0,0.8833333333333333,1,32.0,30.0
23,0,0,0.06666666666666667,1,33.0,31.0
23,0,0,0.06666666666666667,1,34.0,32.0
23,0,0,0.6666666666666666,1,35.0,33.0
23,0,0,0.06666666666666667,1,36.0,34.0
23,0,0,0.3,1,37.0,35.0
23,0,0,0.6833333333333333,1,38.0,36.0
23,0,0,0.7833333333333333,1,39.0,37.0
23,0,0,0.75,1,40.0,38.0
23,0,0,0.6666666666666666,1,41.0,39.0
23,0,0,0.38333333333333336,1,42.0,40.0
23,0,0,0.06666666666666667,1,43.0,41.0
23,0,0,4.233333333333333,1,44.0,29.0
23,0,0,0.06666666666666667,1,45.0,30.0
23,0,0,0.45,1,46.0,31.0
23,0,0,32.31666666666667,1,32.0,1.0
23,0,0,0.08333333333333333,1,33.0,2.0
23,0,0,0.85,1,28.0,3.0
23,0,0,0.06666666666666667,1,29.0,4.0
23,0,0,7.9,1,21.0,5.0
23,0,0,0.08333333333333333,1,22.0,6.0
23,0,0,0.1,1,23.0,7.0
0,1,0,7.616666666666666,1,24.0,8.0
0,1,0,0.06666666666666667,1,25.0,9.0
0,1,0,0.06666666666666667,1,26.0,10.0
0,1,0,0.06666666666666667,1,27.0,11.0
0,1,0,2.9166666666666665,1,21.0,12.0
0,1,0,0.05,1,22.0,13.0
0,1,0,0.18333333333333332,1,23.0,14.0
0,1,0,0.06666666666666667,1,24.0,15.0
0,1,0,3.7666666666666666,1,19.0,16.0
0,1,0,0.05,1,20.0,17.0
0,1,0,12.166666666666666,1,18.0,14.0
0,1,0,0.05,1,19.0,15.0
0,1,0,0.11666666666666667,1,20.0,16.0
0,1,0,0.06666666666666667,1,21.0,17.0
1,1,0,93.83333333333333,1,1.0,1.0
1,1,0,0.08333333333333333,1,2.0,2.0
1,1,0,0.05,1,3.0,3.0
7,1,0,301.68333333333334,1,1.0,1.0
7,1,0,0.08333333333333333,1,2.0,2.0
7,1,0,54.833333333333336,1,3.0,1.0
7,1,0,0.08333333333333333,1,4.0,2.0
7,1,0,2.0833333333333335,1,5.0,3.0
7,1,0,0.31666666666666665,1,6.0,4.0
7,1,0,1.2166666666666666,1,7.0,5.0
7,1,0,0.05,1,8.0,6.0
8,1,0,30.683333333333334,1,7.0,1.0
8,1,0,6.366666666666666,1,8.0,2.0
8,1,0,0.05,1,9.0,3.0
8,1,0,0.05,1,10.0,4.0
8,1,0,0.15,1,11.0,5.0
8,1,0,0.06666666666666667,1,12.0,6.0
8,1,0,0.06666666666666667,1,13.0,7.0
8,1,0,1.0666666666666667,1,14.0,8.0
8,1,0,0.06666666666666667,1,15.0,9.0
8,1,0,0.2833333333333333,1,16.0,10.0
8,1,0,0.06666666666666667,1,17.0,11.0
8,1,0,1.1333333333333333,1,18.0,12.0
8,1,0,0.08333333333333333,1,19.0,13.0
8,1,0,0.16666666666666666,1,20.0,14.0
8,1,0,0.06666666666666667,1,21.0,15.0
8,1,0,0.5833333333333334,1,22.0,16.0
8,1,0,0.13333333333333333,1,23.0,17.0
8,1,0,0.3333333333333333,1,24.0,18.0
8,1,0,0.3333333333333333,1,25.0,19.0
8,1,0,0.05,1,26.0,20.0
8,1,0,0.6833333333333333,1,27.0,21.0
8,1,0,0.36666666666666664,1,28.0,22.0
8,1,0,0.06666666666666667,1,29.0,23.0
8,1,0,0.4666666666666667,1,30.0,24.0
8,1,0,0.05,1,31.0,25.0
8,1,0,0.06666666666666667,1,32.0,26.0
8,1,0,0.05,1,33.0,27.0
8,1,0,0.06666666666666667,1,34.0,28.0
8,1,0,0.13333333333333333,1,35.0,29.0
8,1,0,0.06666666666666667,1,36.0,30.0
8,1,0,0.06666666666666667,1,37.0,31.0
8,1,0,0.3333333333333333,1,38.0,32.0
8,1,0,0.06666666666666667,1,39.0,33.0
8,1,0,0.4166666666666667,1,40.0,34.0
8,1,0,0.05,1,41.0,35.0
8,1,0,0.11666666666666667,1,42.0,36.0
8,1,0,0.06666666666666667,1,43.0,37.0
8,1,0,0.06666666666666667,1,44.0,38.0
8,1,0,0.08333333333333333,1,45.0,39.0
8,1,0,0.06666666666666667,1,46.0,40.0
8,1,0,0.08333333333333333,1,47.0,41.0
8,1,0,0.25,1,48.0,42.0
8,1,0,0.05,1,49.0,43.0
8,1,0,0.3333333333333333,1,50.0,44.0
8,1,0,0.15,1,51.0,45.0
8,1,0,0.05,1,52.0,46.0
8,1,0,0.1,1,53.0,47.0
8,1,0,0.06666666666666667,1,54.0,48.0
8,1,0,0.3,1,55.0,49.0
8,1,0,0.08333333333333333,1,56.0,50.0
8,1,0,0.05,1,57.0,51.0
8,1,0,0.05,1,58.0,52.0
8,1,0,0.1,1,59.0,53.0
8,1,0,0.06666666666666667,1,60.0,54.0
8,1,0,0.05,1,61.0,55.0
8,1,0,0.11666666666666667,1,62.0,56.0
8,1,0,0.05,1,63.0,57.0
8,1,0,0.26666666666666666,1,64.0,58.0
8,1,0,0.08333333333333333,1,65.0,59.0
8,1,0,0.06666666666666667,1,66.0,60.0
8,1,0,0.06666666666666667,1,67.0,61.0
8,1,0,0.05,1,68.0,62.0
8,1,0,0.06666666666666667,1,69.0,63.0
8,1,0,0.26666666666666666,1,70.0,64.0
8,1,0,0.06666666666666667,1,71.0,65.0
8,1,0,0.08333333333333333,1,72.0,66.0
8,1,0,0.05,1,73.0,67.0
8,1,0,0.08333333333333333,1,74.0,68.0
8,1,0,0.06666666666666667,1,75.0,69.0
8,1,0,0.05,1,76.0,70.0
8,1,0,0.1,1,77.0,71.0
8,1,0,0.31666666666666665,1,78.0,72.0
8,1,0,0.08333333333333333,1,79.0,73.0
8,1,0,0.23333333333333334,1,80.0,74.0
8,1,0,0.16666666666666666,1,81.0,75.0
8,1,0,0.1,1,82.0,76.0
8,1,0,0.1,1,83.0,77.0
8,1,0,0.06666666666666667,1,84.0,78.0
8,1,0,0.15,1,85.0,79.0
8,1,0,0.05,1,86.0,80.0
8,1,0,0.06666666666666667,1,87.0,81.0
8,1,0,0.05,1,88.0,82.0
8,1,0,0.08333333333333333,1,89.0,83.0
8,1,0,0.06666666666666667,1,90.0,84.0
8,1,0,0.06666666666666667,1,91.0,85.0
8,1,0,0.65,1,92.0,86.0
8,1,0,0.06666666666666667,1,93.0,87.0
8,1,0,0.4166666666666667,1,94.0,88.0
8,1,0,0.06666666666666667,1,95.0,89.0
8,1,0,0.06666666666666667,1,96.0,90.0
8,1,0,0.08333333333333333,1,97.0,91.0
8,1,0,0.06666666666666667,1,98.0,92.0
8,1,0,0.18333333333333332,1,99.0,93.0
8,1,0,0.05,1,100.0,94.0
8,1,0,0.23333333333333334,1,101.0,95.0
8,1,0,0.06666666666666667,1,102.0,96.0
8,1,0,0.05,1,103.0,97.0
8,1,0,0.06666666666666667,1,104.0,98.0
8,1,0,0.05,1,105.0,99.0
8,1,0,0.06666666666666667,1,106.0,100.0
8,1,0,0.06666666666666667,1,107.0,101.0
8,1,0,0.06666666666666667,1,108.0,102.0
8,1,0,0.05,1,109.0,103.0
8,1,0,0.06666666666666667,1,110.0,104.0
8,1,0,0.08333333333333333,1,111.0,105.0
8,1,0,0.06666666666666667,1,112.0,106.0
8,1,0,0.05,1,113.0,107.0
8,1,0,0.16666666666666666,1,114.0,108.0
8,1,0,0.06666666666666667,1,115.0,109.0
8,1,0,0.05,1,116.0,110.0
8,1,0,0.06666666666666667,1,117.0,111.0
8,1,0,0.08333333333333333,1,118.0,112.0
8,1,0,0.36666666666666664,1,119.0,113.0
8,1,0,0.06666666666666667,1,120.0,114.0
8,1,0,0.6833333333333333,1,121.0,115.0
8,1,0,0.08333333333333333,1,122.0,116.0
8,1,0,0.06666666666666667,1,123.0,117.0
8,1,0,0.8333333333333334,1,124.0,118.0
8,1,0,0.06666666666666667,1,125.0,119.0
8,1,0,0.06666666666666667,1,126.0,120.0
8,1,0,0.06666666666666667,1,127.0,121.0
8,1,0,1.35,1,126.0,122.0
8,1,0,0.5833333333333334,1,127.0,123.0
8,1,0,0.05,1,128.0,124.0
8,1,0,0.06666666666666667,1,129.0,125.0
8,1,0,0.05,1,130.0,126.0
8,1,0,0.45,1,131.0,127.0
8,1,0,0.08333333333333333,1,132.0,128.0
8,1,0,0.25,1,133.0,129.0
8,1,0,0.11666666666666667,1,133.0,130.0
8,1,0,1.2166666666666666,1,133.0,131.0
8,1,0,0.13333333333333333,1,134.0,132.0
8,1,0,0.06666666666666667,1,135.0,133.0
8,1,0,0.05,1,136.0,134.0
8,1,0,0.48333333333333334,1,135.0,135.0
8,1,0,0.2833333333333333,1,136.0,136.0
9,1,0,0.7166666666666667,1,137.0,136.0
9,1,0,0.5333333333333333,1,138.0,137.0
9,1,0,0.4,1,139.0,138.0
9,1,0,0.3333333333333333,1,140.0,139.0
9,1,0,0.55,1,141.0,140.0
9,1,0,0.4666666666666667,1,142.0,141.0
9,1,0,1.3,1,143.0,142.0
9,1,0,0.2833333333333333,1,144.0,143.0
9,1,0,0.5666666666666667,1,145.0,144.0
9,1,0,0.3333333333333333,1,146.0,145.0
9,1,0,0.4666666666666667,1,147.0,146.0
9,1,0,1.8166666666666667,1,148.0,141.0
9,1,0,0.05,1,149.0,142.0
9,1,0,0.06666666666666667,1,150.0,142.0
9,1,0,0.21666666666666667,1,151.0,142.0
9,1,0,0.08333333333333333,1,152.0,142.0
9,1,0,0.05,1,153.0,143.0
9,1,0,0.06666666666666667,1,154.0,143.0
9,1,0,0.05,1,155.0,144.0
9,1,0,0.06666666666666667,1,156.0,145.0
9,1,0,0.6166666666666667,1,157.0,146.0
9,1,0,0.05,1,158.0,147.0
9,1,0,0.06666666666666667,1,159.0,148.0
9,1,0,0.06666666666666667,1,160.0,149.0
9,1,0,0.1,1,161.0,150.0
9,1,0,0.06666666666666667,1,162.0,150.0
9,1,0,0.1,1,163.0,150.0
9,1,0,0.1,1,164.0,151.0
9,1,0,0.06666666666666667,1,165.0,151.0
9,1,0,0.05,1,166.0,151.0
9,1,0,0.06666666666666667,1,167.0,152.0
9,1,0,0.2833333333333333,1,168.0,153.0
9,1,0,0.26666666666666666,1,169.0,153.0
9,1,0,0.05,1,170.0,154.0
9,1,0,0.15,1,171.0,154.0
9,1,0,0.06666666666666667,1,172.0,155.0
9,1,0,0.45,1,173.0,155.0
9,1,0,0.3,1,174.0,154.0
9,1,0,0.26666666666666666,1,175.0,155.0
9,1,0,0.21666666666666667,1,176.0,155.0
9,1,0,0.06666666666666667,1,177.0,156.0
9,1,0,0.08333333333333333,1,178.0,157.0
9,1,0,0.08333333333333333,1,179.0,158.0
9,1,0,0.06666666666666667,1,180.0,159.0
9,1,0,0.06666666666666667,1,181.0,159.0
9,1,0,0.55,1,182.0,158.0
9,1,0,0.08333333333333333,1,183.0,158.0
9,1,0,0.08333333333333333,1,184.0,157.0
9,1,0,1.0166666666666666,1,185.0,152.0
9,1,0,0.08333333333333333,1,186.0,153.0
9,1,0,0.06666666666666667,1,187.0,153.0
9,1,0,0.05,1,188.0,153.0
9,1,0,0.1,1,189.0,153.0
9,1,0,0.05,1,190.0,153.0
9,1,0,4.45,1,191.0,115.0
9,1,0,0.13333333333333333,1,192.0,115.0
9,1,0,0.9833333333333333,1,193.0,108.0
9,1,0,4.3,1,194.0,77.0
9,1,0,29.266666666666666,1,81.0,2.0
9,1,0,1.4,1,75.0,2.0
9,1,0,0.06666666666666667,1,76.0,3.0
9,1,0,2.8833333333333333,1,69.0,4.0
9,1,0,1.75,1,65.0,5.0
9,1,0,0.05,1,66.0,6.0
9,1,0,0.26666666666666666,1,66.0,7.0
10,1,0,38.2,1,8.0,1.0
10,1,0,0.06666666666666667,1,9.0,2.0
10,1,0,0.6166666666666667,1,10.0,3.0
10,1,0,0.1,1,11.0,4.0
10,1,0,0.43333333333333335,1,12.0,5.0
10,1,0,0.06666666666666667,1,13.0,6.0
10,1,0,1.3333333333333333,1,14.0,7.0
10,1,0,0.8833333333333333,1,15.0,8.0
10,1,0,0.06666666666666667,1,16.0,9.0
10,1,0,0.1,1,17.0,10.0
10,1,0,0.06666666666666667,1,18.0,11.0
10,1,0,0.13333333333333333,1,19.0,12.0
10,1,0,2.3666666666666667,1,20.0,13.0
10,1,0,0.08333333333333333,1,21.0,14.0
10,1,0,0.08333333333333333,1,22.0,15.0
10,1,0,0.06666666666666667,1,23.0,16.0
10,1,0,0.06666666666666667,1,24.0,17.0
10,1,0,0.05,1,25.0,18.0
10,1,0,0.06666666666666667,1,26.0,19.0
10,1,0,0.05,1,27.0,20.0
10,1,0,0.38333333333333336,1,28.0,21.0
10,1,0,0.3,1,29.0,22.0
10,1,0,0.06666666666666667,1,30.0,23.0
10,1,0,0.06666666666666667,1,31.0,24.0
10,1,0,0.05,1,32.0,25.0
10,1,0,4.85,1,33.0,26.0
10,1,0,0.11666666666666667,1,34.0,27.0
10,1,0,0.05,1,35.0,28.0
10,1,0,0.06666666666666667,1,36.0,29.0
10,1,0,0.2,1,37.0,30.0
10,1,0,0.11666666666666667,1,38.0,31.0
10,1,0,0.06666666666666667,1,39.0,32.0
10,1,0,1.1833333333333333,1,40.0,33.0
10,1,0,0.05,1,41.0,34.0
10,1,0,0.08333333333333333,1,42.0,35.0
10,1,0,0.05,1,43.0,36.0
10,1,0,0.06666666666666667,1,44.0,37.0
10,1,0,0.08333333333333333,1,45.0,38.0
10,1,0,0.08333333333333333,1,46.0,39.0
10,1,0,0.06666666666666667,1,47.0,40.0
10,1,0,0.06666666666666667,1,48.0,41.0
10,1,0,0.06666666666666667,1,49.0,42.0
10,1,0,0.11666666666666667,1,50.0,43.0
10,1,0,0.08333333333333333,1,51.0,44.0
10,1,0,0.08333333333333333,1,52.0,45.0
10,1,0,0.06666666666666667,1,53.0,46.0
10,1,0,0.08333333333333333,1,54.0,47.0
10,1,0,0.06666666666666667,1,55.0,48.0
10,1,0,0.05,1,55.0,49.0
10,1,0,0.06666666666666667,1,56.0,50.0
10,1,0,0.06666666666666667,1,57.0,51.0
10,1,0,0.06666666666666667,1,58.0,52.0
10,1,0,0.05,1,59.0,53.0
10,1,0,0.08333333333333333,1,60.0,54.0
10,1,0,4.066666666666666,1,58.0,55.0
10,1,0,0.31666666666666665,1,59.0,56.0
10,1,0,0.06666666666666667,1,60.0,57.0
10,1,0,0.15,1,61.0,58.0
10,1,0,0.05,1,62.0,59.0
10,1,0,0.08333333333333333,1,63.0,60.0
10,1,0,0.06666666666666667,1,64.0,61.0
10,1,0,0.05,1,65.0,62.0
10,1,0,0.05,1,66.0,63.0
10,1,0,0.05,1,67.0,64.0
10,1,0,0.06666666666666667,1,68.0,65.0
10,1,0,0.06666666666666667,1,69.0,66.0
10,1,0,0.06666666666666667,1,70.0,67.0
10,1,0,0.1,1,71.0,68.0
10,1,0,0.06666666666666667,1,72.0,69.0
10,1,0,0.06666666666666667,1,73.0,70.0
10,1,0,0.05,1,74.0,71.0
10,1,0,0.06666666666666667,1,75.0,72.0
10,1,0,0.08333333333333333,1,76.0,73.0
10,1,0,0.13333333333333333,1,77.0,74.0
10,1,0,0.08333333333333333,1,77.0,75.0
10,1,0,0.06666666666666667,1,77.0,76.0
10,1,0,0.23333333333333334,1,77.0,77.0
10,1,0,0.06666666666666667,1,78.0,78.0
10,1,0,0.06666666666666667,1,79.0,79.0
10,1,0,0.05,1,80.0,80.0
10,1,0,0.06666666666666667,1,81.0,81.0
10,1,0,0.06666666666666667,1,82.0,82.0
10,1,0,0.06666666666666667,1,83.0,83.0
10,1,0,0.08333333333333333,1,84.0,84.0
11,1,0,0.05,1,85.0,85.0
11,1,0,0.05,1,86.0,86.0
11,1,0,0.06666666666666667,1,87.0,87.0
11,1,0,0.06666666666666667,1,88.0,88.0
11,1,0,0.06666666666666667,1,89.0,89.0
11,1,0,0.05,1,90.0,90.0
11,1,0,0.06666666666666667,1,91.0,91.0
11,1,0,0.05,1,92.0,92.0
11,1,0,0.06666666666666667,1,93.0,93.0
11,1,0,0.08333333333333333,1,94.0,94.0
11,1,0,0.08333333333333333,1,95.0,95.0
11,1,0,0.06666666666666667,1,96.0,96.0
11,1,0,0.06666666666666667,1,97.0,97.0
11,1,0,0.06666666666666667,1,98.0,98.0
11,1,0,0.06666666666666667,1,99.0,99.0
11,1,0,0.06666666666666667,1,100.0,100.0
11,1,0,0.1,1,101.0,101.0
11,1,0,0.08333333333333333,1,102.0,102.0
11,1,0,0.05,1,103.0,103.0
11,1,0,0.05,1,104.0,104.0
11,1,0,0.16666666666666666,1,105.0,105.0
11,1,0,0.06666666666666667,1,106.0,106.0
11,1,0,0.06666666666666667,1,107.0,107.0
11,1,0,0.06666666666666667,1,108.0,108.0
11,1,0,0.06666666666666667,1,109.0,109.0
11,1,0,0.06666666666666667,1,110.0,110.0
11,1,0,0.06666666666666667,1,111.0,111.0
11,1,0,0.05,1,112.0,112.0
11,1,0,0.06666666666666667,1,113.0,113.0
11,1,0,0.05,1,114.0,114.0
11,1,0,0.11666666666666667,1,115.0,115.0
11,1,0,0.06666666666666667,1,116.0,116.0
11,1,0,0.13333333333333333,1,117.0,117.0
11,1,0,0.06666666666666667,1,118.0,118.0
11,1,0,0.06666666666666667,1,119.0,119.0
11,1,0,0.05,1,120.0,120.0
11,1,0,0.18333333333333332,1,121.0,121.0
11,1,0,0.05,1,122.0,122.0
11,1,0,0.05,1,123.0,123.0
11,1,0,0.06666666666666667,1,124.0,124.0
11,1,0,0.08333333333333333,1,125.0,125.0
11,1,0,0.06666666666666667,1,126.0,126.0
11,1,0,0.06666666666666667,1,127.0,127.0
11,1,0,0.1,1,128.0,128.0
11,1,0,0.08333333333333333,1,129.0,129.0
11,1,0,0.06666666666666667,1,130.0,130.0
11,1,0,0.06666666666666667,1,131.0,131.0
11,1,0,0.08333333333333333,1,132.0,132.0
11,1,0,0.06666666666666667,1,133.0,133.0
11,1,0,0.06666666666666667,1,134.0,134.0
11,1,0,0.1,1,135.0,135.0
11,1,0,0.08333333333333333,1,136.0,136.0
11,1,0,0.5666666666666667,1,137.0,137.0
11,1,0,1.5333333333333334,1,138.0,138.0
11,1,0,0.06666666666666667,1,139.0,139.0
11,1,0,0.15,1,140.0,140.0
11,1,0,0.6666666666666666,1,141.0,141.0
11,1,0,0.13333333333333333,1,142.0,142.0
11,1,0,1.3666666666666667,1,143.0,141.0
11,1,0,0.11666666666666667,1,144.0,141.0
11,1,0,0.7,1,145.0,139.0
11,1,0,0.05,1,146.0,140.0
11,1,0,0.06666666666666667,1,147.0,141.0
11,1,0,0.05,1,148.0,142.0
11,1,0,2.0166666666666666,1,149.0,140.0
11,1,0,0.05,1,150.0,141.0
11,1,0,1.7166666666666666,1,151.0,139.0
11,1,0,0.25,1,152.0,140.0
11,1,0,0.11666666666666667,1,153.0,141.0
11,1,0,0.06666666666666667,1,154.0,142.0
11,1,0,0.08333333333333333,1,155.0,143.0
11,1,0,0.45,1,156.0,142.0
11,1,0,0.1,1,157.0,142.0
11,1,0,0.05,1,158.0,142.0
11,1,0,0.06666666666666667,1,159.0,142.0
11,1,0,0.06666666666666667,1,160.0,142.0
11,1,0,0.6333333333333333,1,161.0,140.0
11,1,0,0.23333333333333334,1,162.0,139.0
11,1,0,0.9333333333333333,1,163.0,138.0
11,1,0,0.13333333333333333,1,164.0,139.0
11,1,0,0.05,1,165.0,140.0
11,1,0,0.8,1,166.0,141.0
11,1,0,0.05,1,167.0,142.0
11,1,0,5.0,1,168.0,132.0
11,1,0,0.08333333333333333,1,169.0,132.0
11,1,0,0.06666666666666667,1,170.0,132.0
11,1,0,0.06666666666666667,1,171.0,132.0
11,1,0,0.05,1,172.0,132.0
11,1,0,1.75,1,173.0,119.0
11,1,0,0.05,1,174.0,120.0
11,1,0,0.06666666666666667,1,175.0,121.0
11,1,0,0.05,1,176.0,122.0
11,1,0,2.9833333333333334,1,177.0,123.0
11,1,0,12.9,1,172.0,30.0
11,1,0,0.06666666666666667,1,173.0,31.0
11,1,0,0.06666666666666667,1,173.0,32.0
11,1,0,0.05,1,174.0,33.0
11,1,0,0.08333333333333333,1,175.0,34.0
11,1,0,0.1,1,176.0,35.0
11,1,0,0.05,1,177.0,36.0
11,1,0,0.06666666666666667,1,178.0,37.0
11,1,0,0.08333333333333333,1,179.0,38.0
